packet_id,latency_cycles
0,9
1,9
2,9
3,9
4,8
5,8
6,8
7,8
8,8
9,8
10,8
11,8
12,8
13,8
14,8
15,8
16,8
17,8
18,8
19,8
20,8
21,8
22,8
23,8
24,8
25,8
26,8
27,8
28,8
29,8
30,8
31,8
32,8
33,8
34,8
35,8
36,8
37,8
38,8
39,8
40,8
41,8
42,8
43,9
44,8
45,7
46,7
47,7
48,7
49,6
50,7
51,6
52,7
53,6
54,7
55,6
56,6
57,6
58,6
59,6
60,6
61,6
62,7
63,8
64,8
65,8
66,9
67,8
68,8
69,8
70,8
71,7
72,9
73,8
74,9
75,9
76,9
77,9
78,9
79,9
80,8
81,8
82,8
83,12
84,9
85,8
86,8
87,8
88,8
89,8
90,9
91,8
92,8
93,8
94,8
95,8
96,8
97,9
98,9
99,9
100,8
101,8
102,8
103,8
104,8
105,8
106,9
107,8
108,8
109,9
110,9
111,9
112,8
113,13
114,8
115,8
116,8
117,9
118,8
119,8
120,9
121,9
122,9
123,9
124,8
125,8
126,8
127,8
128,8
129,9
130,8
131,8
132,8
133,8
134,8
135,8
136,8
137,8
138,9
139,8
140,8
141,9
142,9
143,9
144,9
145,8
146,8
147,9
148,8
149,8
150,8
151,8
152,8
153,10
154,9
155,8
156,8
157,8
158,8
159,8
160,8
161,9
162,8
163,8
164,10
165,10
166,9
167,9
168,10
169,15
170,9
171,8
172,8
173,8
174,8
175,9
176,9
177,7
178,7
179,6
180,6
181,7
182,6
183,6
184,6
185,6
186,7
187,6
188,6
189,6
190,6
191,6
192,7
193,9
194,6
195,6
196,6
197,6
198,7
199,6
200,7
201,6
202,6
203,6
204,6
205,6
206,6
207,6
208,7
209,7
210,10
211,6
212,6
213,6
214,7
215,6
216,7
217,7
218,6
219,6
220,7
221,6
222,7
223,6
224,7
225,6
226,7
227,6
228,6
229,6
230,7
231,6
232,6
233,6
234,6
235,6
236,6
237,6
238,6
239,6
240,6
241,6
242,6
243,7
244,6
245,7
246,6
247,6
248,6
249,6
250,6
251,7
252,6
253,7
254,6
255,6
256,6
257,6
258,6
259,6
260,6
261,7
262,6
263,6
264,7
265,6
266,6
267,6
268,6
269,6
270,6
271,6
272,6
273,6
274,7
275,7
276,6
277,6
278,6
279,6
280,6
281,6
282,6
283,6
284,6
285,7
286,6
287,6
288,6
289,6
290,6
291,7
292,6
293,7
294,6
295,7
296,6
297,6
298,6
299,6
300,6
301,6
302,6
303,6
304,6
305,6
306,6
307,6
308,7
309,6
310,7
311,6
312,7
313,6
314,6
315,6
316,6
317,6
318,7
319,6
320,6
321,6
322,6
323,6
324,6
325,6
326,6
327,6
328,7
329,6
330,6
331,6
332,6
333,6
334,6
335,6
336,6
337,6
338,6
339,6
340,6
341,7
342,6
343,6
344,6
345,6
346,6
347,6
348,6
349,6
350,6
351,7
352,7
353,6
354,7
355,6
356,6
357,6
358,6
359,6
360,6
361,6
362,7
363,6
364,6
365,5
366,6
367,6
368,6
369,6
370,7
371,6
372,7
373,6
374,6
375,6
376,6
377,6
378,6
379,6
380,6
381,6
382,6
383,6
384,6
385,7
386,6
387,7
388,6
389,7
390,6
391,7
392,6
393,6
394,6
395,7
396,7
397,6
398,6
399,6
400,6
401,6
402,6
403,6
404,6
405,6
406,6
407,7
408,6
409,6
410,10
411,7
412,6
413,6
414,6
415,6
416,6
417,6
418,7
419,6
420,6
421,6
422,6
423,6
424,7
425,6
426,7
427,6
428,7
429,6
430,6
431,6
432,10
433,6
434,7
435,6
436,6
437,6
438,6
439,6
440,7
441,6
442,6
443,6
444,6
445,6
446,6
447,6
448,6
449,6
450,7
451,7
452,6
453,7
454,6
455,6
456,7
457,6
458,7
459,6
460,7
461,6
462,6
463,6
464,6
465,6
466,6
467,6
468,6
469,6
470,6
471,6
472,6
473,7
474,6
475,7
476,6
477,7
478,6
479,6
480,6
481,6
482,6
483,7
484,6
485,6
486,6
487,6
488,6
489,6
490,6
491,6
492,6
493,7
494,6
495,6
496,6
497,6
498,6
499,6
500,6
501,6
502,6
503,6
504,6
505,6
506,7
507,6
508,6
509,6
510,7
511,6
512,7
513,6
514,6
515,6
516,6
517,6
518,6
519,6
520,6
521,6
522,6
523,6
524,6
525,7
526,6
527,7
528,6
529,7
530,6
531,6
532,6
533,6
534,6
535,7
536,6
537,6
538,6
539,6
540,6
541,6
542,6
543,6
544,6
545,7
546,7
547,6
548,6
549,6
550,6
551,6
552,6
553,6
554,6
555,6
556,7
557,6
558,6
559,6
560,6
561,6
562,7
563,6
564,7
565,6
566,7
567,6
568,6
569,6
570,6
571,6
572,6
573,6
574,6
575,6
576,6
577,9
578,8
579,8
580,7
581,7
582,7
583,7
584,7
585,6
586,7
587,6
588,6
589,6
590,6
591,6
592,6
593,6
594,6
595,6
596,5
597,6
598,6
599,6
600,6
601,6
602,6
603,6
604,6
605,6
606,6
607,5
608,6
609,6
610,6
611,6
612,6
613,6
614,6
615,6
616,6
617,6
618,5
619,6
620,6
621,6
622,6
623,6
624,6
625,6
626,6
627,6
628,6
629,5
630,6
631,6
632,6
633,6
634,6
635,6
636,6
637,6
638,6
639,6
640,5
641,6
642,6
643,6
644,6
645,6
646,6
647,6
648,6
649,6
650,5
651,5
652,6
653,6
654,6
655,6
656,6
657,6
658,6
659,6
660,6
661,5
662,6
663,6
664,6
665,6
666,6
667,6
668,6
669,6
670,6
671,6
672,5
673,6
674,6
675,6
676,6
677,6
678,6
679,6
680,6
681,6
682,6
683,5
684,6
685,6
686,6
687,6
688,6
689,6
690,6
691,6
692,6
693,6
694,5
695,6
696,6
697,6
698,6
699,6
700,6
701,6
702,6
703,6
704,6
705,5
706,6
707,6
708,6
709,6
710,6
711,6
712,6
713,6
714,6
715,6
716,5
717,6
718,6
719,6
720,6
721,6
722,6
723,6
724,6
725,6
726,6
727,5
728,6
729,6
730,6
731,6
732,6
733,6
734,6
735,6
736,6
737,6
738,5
739,6
740,6
741,6
742,6
743,6
744,6
745,6
746,6
747,6
748,5
749,5
750,6
751,6
752,6
753,6
754,6
755,6
756,6
757,6
758,6
759,5
760,5
761,6
762,6
763,6
764,6
765,6
766,6
767,6
768,6
769,6
770,5
771,6
772,6
773,6
774,6
775,6
776,6
777,6
778,6
779,6
780,6
781,5
782,6
783,6
784,6
785,7
786,6
787,6
788,6
789,6
790,6
791,6
792,5
793,6
794,6
795,6
796,6
797,6
798,6
799,6
800,6
801,6
802,6
803,5
804,6
805,6
806,6
807,6
808,6
809,6
810,6
811,6
812,6
813,6
814,5
815,6
816,6
817,6
818,6
819,6
820,7
821,6
822,6
823,6
824,6
825,5
826,6
827,6
828,6
829,6
830,6
831,7
832,6
833,6
834,6
835,5
836,5
837,6
838,6
839,6
840,6
841,6
842,6
843,6
844,6
845,6
846,5
847,5
848,6
849,6
850,6
851,6
852,6
853,6
854,6
855,6
856,5
857,5
858,6
859,6
860,6
861,6
862,6
863,5
864,6
865,6
866,6
867,5
868,6
869,6
870,6
871,6
872,6
873,6
874,5
875,6
876,6
877,6
878,5
879,6
880,6
881,6
882,6
883,6
884,6
885,5
886,6
887,6
888,6
889,5
890,6
891,6
892,6
893,6
894,6
895,6
896,5
897,6
898,6
899,6
900,5
901,6
902,6
903,5
904,6
905,6
906,6
907,5
908,6
909,6
910,6
911,5
912,6
913,6
914,6
915,6
916,6
917,6
918,5
919,6
920,6
921,6
922,5
923,6
924,6
925,6
926,6
927,6
928,6
929,5
930,6
931,6
932,6
933,5
934,6
935,6
936,6
937,6
938,6
939,6
940,5
941,6
942,6
943,6
944,5
945,6
946,6
947,6
948,6
949,6
950,6
951,5
952,6
953,6
954,6
955,5
956,6
957,6
958,6
959,6
960,6
961,5
962,5
963,6
964,6
965,5
966,5
967,6
968,6
969,6
970,6
971,6
972,5
973,5
974,6
975,6
976,5
977,5
978,6
979,6
980,6
981,6
982,6
983,5
984,6
985,6
986,6
987,5
988,5
989,6
990,6
991,6
992,6
993,6
994,5
995,6
996,6
997,6
998,5
999,6
1000,6
1001,6
1002,6
1003,6
1004,6
1005,5
1006,6
1007,6
1008,6
1009,5
1010,6
1011,6
1012,6
1013,6
1014,6
1015,6
1016,5
1017,6
1018,6
1019,6
1020,5
1021,6
1022,7
1023,6
1024,6
1025,6
1026,6
1027,5
1028,6
1029,6
1030,6
1031,5
1032,6
1033,6
1034,6
1035,6
1036,6
1037,6
1038,5
1039,6
1040,6
1041,6
1042,5
1043,6
1044,6
1045,6
1046,6
1047,6
1048,6
1049,5
1050,6
1051,6
1052,6
1053,5
1054,6
1055,6
1056,6
1057,6
1058,6
1059,6
1060,5
1061,6
1062,6
1063,6
1064,5
1065,6
1066,6
1067,6
1068,6
1069,6
1070,6
1071,5
1072,6
1073,6
1074,6
1075,5
1076,6
1077,6
1078,6
1079,6
1080,6
1081,5
1082,5
1083,6
1084,6
1085,6
1086,5
1087,6
1088,6
1089,6
1090,6
1091,6
1092,5
1093,5
1094,6
1095,6
1096,6
1097,5
1098,6
1099,6
1100,6
1101,6
1102,6
1103,5
1104,5
1105,6
1106,6
1107,6
1108,5
1109,6
1110,6
1111,6
1112,6
1113,6
1114,5
1115,6
1116,6
1117,6
1118,6
1119,6
1120,6
1121,6
1122,6
1123,6
1124,6
1125,5
1126,6
1127,6
1128,6
1129,6
1130,6
1131,6
1132,6
1133,6
1134,6
1135,6
1136,5
1137,6
1138,6
1139,6
1140,5
1141,6
1142,6
1143,6
1144,6
1145,6
1146,6
1147,5
1148,6
1149,6
1150,6
1151,6
1152,6
1153,6
1154,6
1155,6
1156,6
1157,5
1158,6
1159,6
1160,6
1161,6
1162,7
1163,6
1164,6
1165,6
1166,6
1167,6
1168,5
1169,6
1170,6
1171,6
1172,6
1173,7
1174,6
1175,6
1176,6
1177,6
1178,6
1179,5
1180,6
1181,6
1182,6
1183,6
1184,6
1185,6
1186,6
1187,6
1188,6
1189,6
1190,5
1191,6
1192,6
1193,6
1194,6
1195,7
1196,6
1197,6
1198,6
1199,6
1200,6
1201,6
1202,6
1203,6
1204,5
1205,6
1206,6
1207,6
1208,5
1209,6
1210,6
1211,6
1212,6
1213,6
1214,6
1215,5
1216,6
1217,6
1218,6
1219,5
1220,6
1221,6
1222,6
1223,6
1224,6
1225,6
1226,5
1227,6
1228,6
1229,6
1230,5
1231,6
1232,6
1233,6
1234,6
1235,6
1236,6
1237,5
1238,6
1239,6
1240,6
1241,5
1242,6
1243,6
1244,6
1245,6
1246,6
1247,6
1248,5
1249,6
1250,6
1251,6
1252,5
1253,6
1254,6
1255,6
1256,6
1257,6
1258,5
1259,5
1260,6
1261,6
1262,6
1263,5
1264,6
1265,6
1266,6
1267,6
1268,6
1269,5
1270,5
1271,6
1272,6
1273,5
1274,5
1275,6
1276,6
1277,6
1278,6
1279,6
1280,5
1281,5
1282,6
1283,6
1284,5
1285,5
1286,6
1287,6
1288,6
1289,6
1290,6
1291,5
1292,6
1293,6
1294,6
1295,5
1296,5
1297,6
1298,6
1299,6
1300,6
1301,6
1302,5
1303,6
1304,6
1305,6
1306,5
1307,6
1308,6
1309,6
1310,6
1311,6
1312,6
1313,5
1314,6
1315,6
1316,6
1317,5
1318,6
1319,6
1320,6
1321,6
1322,6
1323,6
1324,5
1325,6
1326,6
1327,6
1328,5
1329,6
1330,6
1331,6
1332,6
1333,6
1334,6
1335,5
1336,6
1337,6
1338,6
1339,5
1340,6
1341,6
1342,6
1343,6
1344,6
1345,6
1346,5
1347,6
1348,6
1349,6
1350,5
1351,6
1352,6
1353,6
1354,6
1355,6
1356,6
1357,5
1358,6
1359,6
1360,6
1361,5
1362,6
1363,6
1364,6
1365,6
1366,5
1367,5
1368,6
1369,6
1370,6
1371,6
1372,6
1373,6
1374,6
1375,6
1376,6
1377,5
1378,6
1379,6
1380,6
1381,6
1382,6
1383,6
1384,6
1385,6
1386,6
1387,6
1388,5
1389,6
1390,6
1391,6
1392,6
1393,7
1394,6
1395,6
1396,6
1397,6
1398,6
1399,5
1400,6
1401,6
1402,6
1403,6
1404,7
1405,6
1406,6
1407,6
1408,6
1409,6
1410,5
1411,6
1412,6
1413,6
1414,6
1415,6
1416,6
1417,6
1418,6
1419,6
1420,6
1421,5
1422,6
1423,6
1424,6
1425,6
1426,6
1427,6
1428,6
1429,6
1430,6
1431,6
1432,5
1433,6
1434,6
1435,6
1436,6
1437,6
1438,6
1439,6
1440,6
1441,6
1442,6
1443,5
1444,6
1445,6
1446,6
1447,6
1448,6
1449,6
1450,6
1451,6
1452,6
1453,6
1454,5
1455,6
1456,6
1457,6
1458,6
1459,6
1460,6
1461,6
1462,6
1463,6
1464,5
1465,5
1466,6
1467,6
1468,6
1469,6
1470,6
1471,6
1472,6
1473,6
1474,6
1475,5
1476,5
1477,6
1478,6
1479,6
1480,6
1481,6
1482,6
1483,6
1484,6
1485,6
1486,5
1487,5
1488,6
1489,6
1490,6
1491,6
1492,6
1493,6
1494,6
1495,6
1496,6
1497,5
1498,6
1499,6
1500,6
1501,6
1502,6
1503,6
1504,6
1505,6
1506,6
1507,6
1508,5
1509,6
1510,6
1511,6
1512,6
1513,6
1514,6
1515,6
1516,6
1517,6
1518,6
1519,5
1520,6
1521,6
1522,6
1523,6
1524,6
1525,6
1526,6
1527,6
1528,6
1529,6
1530,5
1531,6
1532,6
1533,6
1534,6
1535,6
1536,6
1537,6
1538,6
1539,6
1540,6
1541,5
1542,6
1543,6
1544,6
1545,6
1546,6
1547,6
1548,6
1549,6
1550,6
1551,6
1552,5
1553,6
1554,6
1555,6
1556,6
1557,6
1558,6
1559,6
1560,6
1561,6
1562,6
1563,5
1564,6
1565,6
1566,6
1567,6
1568,6
1569,6
1570,6
1571,6
1572,6
1573,6
1574,5
1575,6
1576,6
1577,6
1578,6
1579,6
1580,6
1581,6
1582,6
1583,6
1584,6
1585,5
1586,6
1587,6
1588,6
1589,6
1590,6
1591,6
1592,6
1593,6
1594,6
1595,5
1596,5
1597,6
1598,6
1599,6
1600,6
1601,6
1602,6
1603,6
1604,6
1605,6
1606,5
1607,6
1608,6
1609,6
1610,6
1611,6
1612,6
1613,6
1614,6
1615,6
1616,6
1617,5
1618,6
1619,6
1620,6
1621,6
1622,6
1623,6
1624,6
1625,6
1626,6
1627,6
1628,5
1629,6
1630,6
1631,6
1632,6
1633,6
1634,6
1635,6
1636,6
1637,6
1638,6
1639,5
1640,6
1641,6
1642,6
1643,6
1644,6
1645,7
1646,6
1647,6
1648,6
1649,6
1650,5
1651,6
1652,6
1653,6
1654,6
1655,6
1656,7
1657,6
1658,6
1659,6
1660,6
1661,5
1662,6
1663,6
1664,6
1665,6
1666,6
1667,6
1668,6
1669,6
1670,6
1671,5
1672,5
1673,6
1674,6
1675,6
1676,6
1677,6
1678,6
1679,6
1680,6
1681,6
1682,5
1683,5
1684,6
1685,6
1686,6
1687,6
1688,6
1689,6
1690,6
1691,6
1692,6
1693,5
1694,5
1695,6
1696,6
1697,6
1698,6
1699,6
1700,6
1701,6
1702,6
1703,6
1704,5
1705,6
1706,6
1707,6
1708,6
1709,6
1710,6
1711,6
1712,6
1713,6
1714,6
1715,5
1716,6
1717,6
1718,6
1719,6
1720,6
1721,6
1722,6
1723,6
1724,6
1725,6
1726,5
1727,6
1728,6
1729,6
1730,6
1731,6
1732,6
1733,6
1734,6
1735,6
1736,6
1737,5
1738,6
1739,6
1740,6
1741,6
1742,6
1743,6
1744,6
1745,6
1746,6
1747,6
1748,5
1749,6
1750,6
1751,6
1752,6
1753,6
1754,5
1755,6
1756,6
1757,6
1758,5
1759,5
1760,6
1761,6
1762,6
1763,6
1764,6
1765,5
1766,6
1767,6
1768,6
1769,5
1770,5
1771,6
1772,6
1773,6
1774,6
1775,6
1776,5
1777,6
1778,6
1779,6
1780,5
1781,6
1782,6
1783,6
1784,6
1785,6
1786,6
1787,5
1788,6
1789,6
1790,6
1791,5
1792,6
1793,6
1794,6
1795,6
1796,6
1797,6
1798,5
1799,6
1800,6
1801,6
1802,5
1803,6
1804,6
1805,6
1806,6
1807,6
1808,6
1809,5
1810,6
1811,6
1812,6
1813,5
1814,6
1815,6
1816,6
1817,6
1818,6
1819,6
1820,5
1821,6
1822,6
1823,5
1824,5
1825,6
1826,6
1827,6
1828,6
1829,6
1830,5
1831,5
1832,6
1833,6
1834,5
1835,5
1836,6
1837,6
1838,6
1839,6
1840,6
1841,5
1842,5
1843,6
1844,6
1845,5
1846,6
1847,6
1848,6
1849,6
1850,6
1851,6
1852,5
1853,6
1854,6
1855,6
1856,5
1857,6
1858,6
1859,6
1860,6
1861,6
1862,6
1863,5
1864,6
1865,6
1866,6
1867,5
1868,6
1869,6
1870,6
1871,6
1872,6
1873,6
1874,5
1875,6
1876,6
1877,18
1878,5
1879,6
1880,6
1881,6
1882,6
1883,6
1884,6
1885,5
1886,6
1887,6
1888,6
1889,5
1890,6
1891,6
1892,6
1893,6
1894,6
1895,6
1896,5
1897,6
1898,6
1899,6
1900,5
1901,6
1902,6
1903,6
1904,6
1905,6
1906,6
1907,5
1908,6
1909,6
1910,6
1911,5
1912,6
1913,6
1914,6
1915,6
1916,6
1917,6
1918,5
1919,6
1920,6
1921,6
1922,5
1923,6
1924,6
1925,6
1926,6
1927,6
1928,6
1929,5
1930,6
1931,6
1932,6
1933,5
1934,6
1935,6
1936,6
1937,6
1938,6
1939,6
1940,5
1941,6
1942,6
1943,6
1944,5
1945,6
1946,6
1947,6
1948,6
1949,6
1950,6
1951,5
1952,6
1953,6
1954,6
1955,5
1956,6
1957,6
1958,6
1959,6
1960,6
1961,5
1962,5
1963,6
1964,6
1965,6
1966,5
1967,6
1968,6
1969,6
1970,6
1971,6
1972,5
1973,5
1974,6
1975,6
1976,6
1977,5
1978,6
1979,6
1980,6
1981,6
1982,6
1983,5
1984,6
1985,6
1986,6
1987,6
1988,6
1989,6
1990,6
1991,6
1992,6
1993,6
1994,5
1995,6
1996,6
1997,6
1998,6
1999,6
2000,6
2001,6
2002,6
2003,6
2004,6
2005,5
2006,6
2007,6
2008,6
2009,6
2010,6
2011,6
2012,6
2013,6
2014,6
2015,6
2016,5
2017,6
2018,6
2019,6
2020,6
2021,6
2022,6
2023,6
2024,6
2025,6
2026,5
2027,5
2028,6
2029,6
2030,6
2031,6
2032,6
2033,6
2034,6
2035,6
2036,6
2037,5
2038,5
2039,6
2040,6
2041,6
2042,6
2043,6
2044,6
2045,6
2046,6
2047,6
2048,5
2049,6
2050,6
2051,6
2052,6
2053,7
2054,6
2055,6
2056,6
2057,6
2058,6
2059,5
2060,6
2061,6
2062,6
2063,6
2064,6
2065,6
2066,6
2067,6
2068,6
2069,6
2070,5
2071,6
2072,6
2073,6
2074,6
2075,6
2076,6
2077,6
2078,6
2079,6
2080,5
2081,5
2082,6
2083,6
2084,6
2085,6
2086,6
2087,6
2088,6
2089,6
2090,6
2091,5
2092,5
2093,6
2094,6
2095,6
2096,6
2097,6
2098,6
2099,6
2100,6
2101,6
2102,5
2103,5
2104,6
2105,6
2106,6
2107,6
2108,6
2109,6
2110,6
2111,6
2112,6
2113,5
2114,6
2115,6
2116,6
2117,6
2118,6
2119,6
2120,6
2121,6
2122,6
2123,6
2124,5
2125,6
2126,6
2127,6
2128,6
2129,6
2130,6
2131,6
2132,6
2133,6
2134,6
2135,5
2136,6
2137,6
2138,6
2139,6
2140,6
2141,6
2142,6
2143,6
2144,6
2145,6
2146,5
2147,6
2148,6
2149,6
2150,6
2151,6
2152,6
2153,6
2154,6
2155,6
2156,5
2157,5
2158,6
2159,6
2160,6
2161,6
2162,6
2163,6
2164,6
2165,6
2166,6
2167,5
2168,5
2169,6
2170,6
2171,6
2172,6
2173,6
2174,6
2175,6
2176,6
2177,6
2178,5
2179,6
2180,6
2181,6
2182,6
2183,6
2184,6
2185,6
2186,6
2187,6
2188,6
2189,5
2190,6
2191,6
2192,6
2193,6
2194,6
2195,6
2196,6
2197,6
2198,6
2199,6
2200,5
2201,6
2202,6
2203,6
2204,6
2205,6
2206,6
2207,6
2208,6
2209,6
2210,6
2211,5
2212,6
2213,6
2214,6
2215,6
2216,6
2217,6
2218,6
2219,6
2220,6
2221,5
2222,5
2223,6
2224,6
2225,6
2226,6
2227,6
2228,6
2229,6
2230,6
2231,6
2232,5
2233,6
2234,6
2235,6
2236,6
2237,6
2238,6
2239,6
2240,6
2241,6
2242,6
2243,5
2244,6
2245,6
2246,6
2247,6
2248,6
2249,6
2250,6
2251,6
2252,6
2253,6
2254,5
2255,6
2256,6
2257,6
2258,6
2259,6
2260,6
2261,6
2262,6
2263,6
2264,6
2265,5
2266,6
2267,6
2268,6
2269,6
2270,6
2271,5
2272,6
2273,6
2274,6
2275,5
2276,5
2277,6
2278,6
2279,6
2280,6
2281,6
2282,5
2283,6
2284,6
2285,6
2286,5
2287,5
2288,6
2289,6
2290,6
2291,6
2292,6
2293,5
2294,6
2295,6
2296,6
2297,5
2298,5
2299,6
2300,6
2301,6
2302,6
2303,6
2304,5
2305,6
2306,6
2307,6
2308,5
2309,5
2310,6
2311,6
2312,6
2313,6
2314,6
2315,5
2316,6
2317,6
2318,6
2319,5
2320,5
2321,6
2322,6
2323,6
2324,6
2325,6
2326,5
2327,6
2328,6
2329,6
2330,5
2331,6
2332,6
2333,6
2334,6
2335,6
2336,6
2337,5
2338,6
2339,6
2340,6
2341,5
2342,6
2343,6
2344,6
2345,6
2346,6
2347,6
2348,5
2349,6
2350,6
2351,6
2352,5
2353,6
2354,6
2355,6
2356,6
2357,6
2358,6
2359,5
2360,6
2361,6
2362,6
2363,5
2364,6
2365,6
2366,6
2367,6
2368,6
2369,5
2370,5
2371,6
2372,6
2373,5
2374,5
2375,6
2376,6
2377,6
2378,6
2379,6
2380,5
2381,5
2382,6
2383,6
2384,5
2385,5
2386,6
2387,6
2388,6
2389,6
2390,5
2391,6
2392,6
2393,6
2394,6
2395,6
2396,6
2397,6
2398,6
2399,6
2400,6
2401,5
2402,6
2403,6
2404,6
2405,6
2406,6
2407,6
2408,6
2409,6
2410,6
2411,6
2412,5
2413,6
2414,6
2415,6
2416,6
2417,6
2418,6
2419,6
2420,6
2421,6
2422,6
2423,5
2424,6
2425,6
2426,6
2427,6
2428,6
2429,6
2430,6
2431,6
2432,6
2433,6
2434,5
2435,7
2436,6
2437,6
2438,6
2439,6
2440,6
2441,6
2442,6
2443,6
2444,6
2445,5
2446,6
2447,6
2448,6
2449,6
2450,6
2451,6
2452,6
2453,6
2454,6
2455,6
2456,5
2457,6
2458,6
2459,6
2460,6
2461,6
2462,6
2463,6
2464,6
2465,6
2466,5
2467,5
2468,6
2469,6
2470,6
2471,6
2472,6
2473,6
2474,6
2475,6
2476,6
2477,5
2478,5
2479,6
2480,6
2481,6
2482,6
2483,6
2484,6
2485,6
2486,6
2487,6
2488,5
2489,5
2490,6
2491,6
2492,6
2493,6
2494,6
2495,6
2496,6
2497,6
2498,6
2499,5
2500,5
2501,6
2502,6
2503,6
2504,6
2505,6
2506,6
2507,6
2508,6
2509,6
2510,5
2511,6
2512,6
2513,6
2514,6
2515,7
2516,6
2517,6
2518,6
2519,6
2520,6
2521,5
2522,6
2523,6
2524,6
2525,6
2526,7
2527,6
2528,6
2529,6
2530,6
2531,6
2532,5
2533,6
2534,6
2535,6
2536,6
2537,6
2538,6
2539,6
2540,6
2541,6
2542,6
2543,5
2544,6
2545,6
2546,6
2547,6
2548,6
2549,6
2550,6
2551,6
2552,6
2553,6
2554,5
2555,6
2556,6
2557,6
2558,6
2559,6
2560,6
2561,6
2562,6
2563,6
2564,6
2565,5
2566,5
2567,6
2568,6
2569,6
2570,6
2571,6
2572,6
2573,6
2574,6
2575,6
2576,5
2577,6
2578,6
2579,6
2580,6
2581,6
2582,6
2583,6
2584,6
2585,6
2586,6
2587,5
2588,6
2589,6
2590,6
2591,6
2592,6
2593,6
2594,6
2595,6
2596,6
2597,6
2598,5
2599,6
2600,6
2601,6
2602,6
2603,6
2604,6
2605,6
2606,6
2607,6
2608,6
2609,5
2610,6
2611,6
2612,6
2613,6
2614,6
2615,6
2616,6
2617,6
2618,6
2619,6
2620,5
2621,6
2622,6
2623,6
2624,6
2625,6
2626,6
2627,6
2628,6
2629,6
2630,6
2631,5
2632,6
2633,6
2634,6
2635,6
2636,6
2637,6
2638,6
2639,6
2640,6
2641,6
2642,5
2643,6
2644,6
2645,6
2646,6
2647,6
2648,7
2649,6
2650,6
2651,6
2652,6
2653,5
2654,6
2655,6
2656,6
2657,6
2658,6
2659,6
2660,6
2661,6
2662,6
2663,5
2664,5
2665,6
2666,6
2667,6
2668,6
2669,6
2670,6
2671,6
2672,6
2673,6
2674,5
2675,5
2676,6
2677,6
2678,6
2679,6
2680,6
2681,6
2682,6
2683,6
2684,6
2685,5
2686,5
2687,6
2688,6
2689,6
2690,6
2691,6
2692,6
2693,6
2694,6
2695,6
2696,5
2697,6
2698,6
2699,6
2700,6
2701,6
2702,6
2703,6
2704,6
2705,6
2706,6
2707,5
2708,6
2709,6
2710,6
2711,6
2712,6
2713,6
2714,6
2715,6
2716,6
2717,6
2718,5
2719,6
2720,6
2721,6
2722,6
2723,6
2724,6
2725,6
2726,6
2727,6
2728,6
2729,5
2730,6
2731,6
2732,6
2733,6
2734,6
2735,5
2736,6
2737,6
2738,6
2739,5
2740,5
2741,6
2742,6
2743,6
2744,6
2745,6
2746,5
2747,6
2748,6
2749,6
2750,5
2751,6
2752,6
2753,6
2754,6
2755,6
2756,6
2757,5
2758,6
2759,6
2760,6
2761,5
2762,6
2763,6
2764,6
2765,6
2766,6
2767,6
2768,5
2769,6
2770,6
2771,6
2772,5
2773,6
2774,6
2775,6
2776,6
2777,6
2778,6
2779,5
2780,6
2781,6
2782,6
2783,5
2784,6
2785,6
2786,6
2787,6
2788,6
2789,5
2790,5
2791,6
2792,6
2793,5
2794,5
2795,6
2796,6
2797,6
2798,6
2799,6
2800,5
2801,5
2802,6
2803,6
2804,5
2805,5
2806,6
2807,6
2808,6
2809,6
2810,6
2811,5
2812,5
2813,6
2814,6
2815,5
2816,5
2817,6
2818,6
2819,6
2820,6
2821,6
2822,5
2823,5
2824,6
2825,6
2826,5
2827,5
2828,6
2829,6
2830,6
2831,6
2832,6
2833,5
2834,6
2835,6
2836,6
2837,5
2838,6
2839,6
2840,6
2841,6
2842,6
2843,6
2844,5
2845,6
2846,6
2847,6
2848,5
2849,6
2850,6
2851,6
2852,6
2853,6
2854,6
2855,5
2856,6
2857,6
2858,6
2859,5
2860,6
2861,6
2862,6
2863,6
2864,6
2865,6
2866,5
2867,6
2868,6
2869,6
2870,5
2871,6
2872,6
2873,6
2874,6
2875,6
2876,6
2877,5
2878,6
2879,6
2880,6
2881,5
2882,6
2883,6
2884,6
2885,6
2886,6
2887,6
2888,5
2889,6
2890,6
2891,6
2892,5
2893,6
2894,6
2895,6
2896,6
2897,6
2898,5
2899,5
2900,6
2901,6
2902,6
2903,6
2904,6
2905,6
2906,6
2907,6
2908,5
2909,5
2910,6
2911,6
2912,6
2913,6
2914,6
2915,6
2916,6
2917,6
2918,6
2919,5
2920,6
2921,6
2922,6
2923,6
2924,6
2925,6
2926,6
2927,6
2928,6
2929,6
2930,5
2931,6
2932,6
2933,6
2934,6
2935,7
2936,6
2937,6
2938,6
2939,6
2940,6
2941,5
2942,6
2943,6
2944,6
2945,6
2946,7
2947,6
2948,6
2949,6
2950,6
2951,6
2952,5
2953,6
2954,6
2955,6
2956,6
2957,6
2958,6
2959,6
2960,6
2961,6
2962,6
2963,5
2964,6
2965,6
2966,6
2967,6
2968,6
2969,6
2970,6
2971,6
2972,6
2973,6
2974,5
2975,6
2976,6
2977,6
2978,6
2979,6
2980,6
2981,6
2982,6
2983,6
2984,6
2985,5
2986,6
2987,6
2988,6
2989,6
2990,6
2991,6
2992,6
2993,6
2994,6
2995,6
2996,5
2997,6
2998,6
2999,6
3000,6
3001,6
3002,6
3003,6
3004,6
3005,6
3006,6
3007,5
3008,6
3009,6
3010,6
3011,6
3012,6
3013,6
3014,6
3015,6
3016,6
3017,5
3018,5
3019,6
3020,6
3021,6
3022,6
3023,6
3024,6
3025,6
3026,6
3027,6
3028,5
3029,5
3030,6
3031,6
3032,6
3033,6
3034,6
3035,6
3036,6
3037,6
3038,6
3039,5
3040,5
3041,6
3042,6
3043,6
3044,6
3045,6
3046,6
3047,6
3048,6
3049,6
3050,5
3051,6
3052,6
3053,6
3054,6
3055,6
3056,6
3057,6
3058,6
3059,6
3060,6
3061,5
3062,6
3063,6
3064,6
3065,6
3066,6
3067,6
3068,6
3069,6
3070,6
3071,6
3072,5
3073,6
3074,6
3075,6
3076,6
3077,6
3078,6
3079,6
3080,6
3081,6
3082,6
3083,5
3084,6
3085,6
3086,6
3087,6
3088,6
3089,6
3090,6
3091,6
3092,6
3093,6
3094,5
3095,6
3096,6
3097,6
3098,6
3099,6
3100,6
3101,6
3102,6
3103,6
3104,5
3105,5
3106,6
3107,6
3108,6
3109,6
3110,6
3111,6
3112,6
3113,6
3114,6
3115,5
3116,6
3117,6
3118,6
3119,6
3120,6
3121,6
3122,6
3123,6
3124,6
3125,167
3126,6
3127,6
3128,6
3129,5
3130,6
3131,6
3132,6
3133,6
3134,6
3135,6
3136,5
3137,6
3138,6
3139,6
3140,5
3141,6
3142,6
3143,6
3144,6
3145,6
3146,5
3147,5
3148,6
3149,6
3150,5
3151,5
3152,6
3153,6
3154,6
3155,6
3156,6
3157,5
3158,5
3159,6
3160,6
3161,5
3162,5
3163,6
3164,6
3165,6
3166,6
3167,6
3168,5
3169,6
3170,6
3171,6
3172,5
3173,6
3174,6
3175,6
3176,6
3177,6
3178,6
3179,5
3180,6
3181,6
3182,6
3183,5
3184,6
3185,6
3186,6
3187,6
3188,6
3189,6
3190,5
3191,6
3192,6
3193,6
3194,6
3195,6
3196,6
3197,6
3198,6
3199,6
3200,6
3201,5
3202,6
3203,6
3204,6
3205,5
3206,6
3207,6
3208,6
3209,6
3210,6
3211,5
3212,5
3213,6
3214,6
3215,6
3216,5
3217,6
3218,6
3219,6
3220,6
3221,6
3222,5
3223,5
3224,6
3225,6
3226,6
3227,5
3228,6
3229,6
3230,6
3231,6
3232,6
3233,5
3234,5
3235,6
3236,6
3237,6
3238,5
3239,6
3240,6
3241,6
3242,6
3243,18
3244,6
3245,6
3246,6
3247,6
3248,6
3249,6
3250,6
3251,6
3252,6
3253,5
3254,6
3255,6
3256,6
3257,6
3258,6
3259,6
3260,6
3261,6
3262,6
3263,5
3264,5
3265,6
3266,6
3267,6
3268,6
3269,6
3270,6
3271,6
3272,6
3273,6
3274,5
3275,5
3276,6
3277,6
3278,6
3279,6
3280,6
3281,6
3282,6
3283,6
3284,6
3285,5
3286,5
3287,6
3288,6
3289,6
3290,6
3291,6
3292,6
3293,6
3294,6
3295,6
3296,5
3297,6
3298,6
3299,6
3300,6
3301,6
3302,6
3303,6
3304,6
3305,6
3306,6
3307,5
3308,6
3309,6
3310,5
3311,6
3312,6
3313,6
3314,6
3315,6
3316,6
3317,6
3318,5
3319,6
3320,6
3321,6
3322,6
3323,6
3324,7
3325,6
3326,6
3327,6
3328,6
3329,5
3330,6
3331,6
3332,6
3333,6
3334,6
3335,7
3336,6
3337,6
3338,6
3339,6
3340,5
3341,6
3342,6
3343,6
3344,6
3345,6
3346,6
3347,6
3348,6
3349,6
3350,5
3351,6
3352,6
3353,6
3354,6
3355,6
3356,6
3357,6
3358,6
3359,6
3360,6
3361,5
3362,6
3363,6
3364,6
3365,6
3366,6
3367,6
3368,6
3369,6
3370,6
3371,6
3372,5
3373,6
3374,6
3375,6
3376,6
3377,6
3378,6
3379,6
3380,6
3381,6
3382,6
3383,5
3384,6
3385,6
3386,6
3387,6
3388,6
3389,6
3390,6
3391,6
3392,6
3393,6
3394,5
3395,6
3396,6
3397,6
3398,6
3399,6
3400,6
3401,6
3402,6
3403,6
3404,6
3405,5
3406,6
3407,6
3408,6
3409,6
3410,6
3411,6
3412,6
3413,6
3414,5
3415,6
3416,6
3417,6
3418,6
3419,6
3420,6
3421,5
3422,6
3423,6
3424,6
3425,5
3426,6
3427,6
3428,6
3429,6
3430,6
3431,6
3432,5
3433,6
3434,6
3435,6
3436,5
3437,6
3438,6
3439,6
3440,6
3441,6
3442,6
3443,5
3444,6
3445,6
3446,6
3447,5
3448,6
3449,6
3450,6
3451,6
3452,6
3453,6
3454,5
3455,6
3456,6
3457,6
3458,5
3459,6
3460,6
3461,6
3462,6
3463,6
3464,6
3465,5
3466,6
3467,6
3468,6
3469,5
3470,6
3471,6
3472,6
3473,6
3474,6
3475,5
3476,5
3477,6
3478,6
3479,6
3480,5
3481,6
3482,6
3483,6
3484,6
3485,6
3486,5
3487,5
3488,6
3489,6
3490,6
3491,5
3492,6
3493,6
3494,6
3495,6
3496,6
3497,5
3498,6
3499,6
3500,6
3501,6
3502,6
3503,6
3504,6
3505,6
3506,6
3507,6
3508,5
3509,6
3510,6
3511,6
3512,6
3513,6
3514,6
3515,6
3516,6
3517,6
3518,6
3519,5
3520,6
3521,6
3522,6
3523,6
3524,6
3525,6
3526,6
3527,6
3528,6
3529,6
3530,5
3531,6
3532,6
3533,6
3534,6
3535,6
3536,6
3537,6
3538,6
3539,6
3540,5
3541,5
3542,6
3543,6
3544,6
3545,6
3546,6
3547,7
3548,6
3549,6
3550,6
3551,5
3552,6
3553,6
3554,6
3555,6
3556,6
3557,6
3558,6
3559,6
3560,6
3561,6
3562,5
3563,6
3564,6
3565,6
3566,6
3567,6
3568,6
3569,6
3570,6
3571,6
3572,6
3573,5
3574,6
3575,6
3576,6
3577,6
3578,6
3579,6
3580,6
3581,6
3582,6
3583,6
3584,5
3585,6
3586,6
3587,6
3588,6
3589,6
3590,6
3591,6
3592,6
3593,6
3594,5
3595,6
3596,6
3597,6
3598,6
3599,6
3600,6
3601,6
3602,6
3603,6
3604,6
3605,5
3606,6
3607,6
3608,6
3609,6
3610,6
3611,6
3612,6
3613,6
3614,6
3615,6
3616,5
3617,6
3618,6
3619,6
3620,6
3621,6
3622,6
3623,6
3624,6
3625,6
3626,6
3627,5
3628,6
3629,6
3630,6
3631,6
3632,6
3633,6
3634,6
3635,6
3636,6
3637,6
3638,5
3639,6
3640,6
3641,6
3642,6
3643,6
3644,6
3645,6
3646,6
3647,6
3648,6
3649,5
3650,6
3651,6
3652,6
3653,6
3654,6
3655,6
3656,6
3657,6
3658,6
3659,6
3660,5
3661,6
3662,6
3663,6
3664,6
3665,6
3666,5
3667,6
3668,6
3669,6
3670,6
3671,5
3672,6
3673,6
3674,6
3675,6
3676,6
3677,6
3678,6
3679,6
3680,6
3681,5
3682,5
3683,6
3684,6
3685,6
3686,6
3687,6
3688,6
3689,6
3690,6
3691,6
3692,5
3693,6
3694,6
3695,6
3696,6
3697,6
3698,7
3699,6
3700,6
3701,6
3702,6
3703,5
3704,6
3705,6
3706,6
3707,6
3708,6
3709,7
3710,6
3711,6
3712,6
3713,6
3714,5
3715,6
3716,6
3717,6
3718,6
3719,6
3720,7
3721,6
3722,6
3723,6
3724,5
3725,5
3726,6
3727,6
3728,6
3729,6
3730,6
3731,6
3732,6
3733,6
3734,6
3735,5
3736,5
3737,6
3738,6
3739,6
3740,6
3741,6
3742,6
3743,6
3744,6
3745,6
3746,5
3747,6
3748,6
3749,6
3750,6
3751,6
3752,6
3753,6
3754,6
3755,6
3756,6
3757,5
3758,6
3759,6
3760,6
3761,6
3762,6
3763,6
3764,6
3765,6
3766,6
3767,6
3768,5
3769,6
3770,6
3771,6
3772,6
3773,6
3774,6
3775,6
3776,6
3777,6
3778,6
3779,5
3780,6
3781,6
3782,6
3783,6
3784,7
3785,6
3786,6
3787,6
3788,6
3789,6
3790,5
3791,6
3792,6
3793,6
3794,6
3795,6
3796,6
3797,6
3798,6
3799,6
3800,6
3801,5
3802,6
3803,6
3804,6
3805,6
3806,6
3807,6
3808,6
3809,6
3810,6
3811,6
3812,5
3813,6
3814,6
3815,6
3816,6
3817,6
3818,6
3819,6
3820,6
3821,6
3822,5
3823,5
3824,6
3825,6
3826,6
3827,6
3828,6
3829,5
3830,6
3831,6
3832,6
3833,5
3834,5
3835,6
3836,6
3837,6
3838,6
3839,6
3840,5
3841,6
3842,6
3843,6
3844,5
3845,5
3846,6
3847,6
3848,6
3849,6
3850,6
3851,5
3852,6
3853,6
3854,6
3855,5
3856,6
3857,6
3858,6
3859,6
3860,6
3861,6
3862,5
3863,6
3864,6
3865,6
3866,5
3867,6
3868,6
3869,6
3870,6
3871,6
3872,6
3873,5
3874,6
3875,6
3876,6
3877,5
3878,6
3879,6
3880,6
3881,6
3882,6
3883,6
3884,5
3885,6
3886,6
3887,6
3888,5
3889,6
3890,6
3891,6
3892,6
3893,6
3894,6
3895,5
3896,6
3897,6
3898,6
3899,5
3900,6
3901,6
3902,6
3903,5
3904,6
3905,5
3906,5
3907,6
3908,6
3909,5
3910,5
3911,6
3912,6
3913,6
3914,6
3915,6
3916,5
3917,5
3918,6
3919,6
3920,5
3921,5
3922,6
3923,6
3924,6
3925,6
3926,6
3927,6
3928,6
3929,6
3930,5
3931,6
3932,6
3933,6
3934,6
3935,6
3936,7
3937,6
3938,6
3939,6
3940,6
3941,5
3942,6
3943,6
3944,6
3945,6
3946,6
3947,7
3948,6
3949,6
3950,6
3951,5
3952,5
3953,6
3954,6
3955,6
3956,6
3957,6
3958,6
3959,6
3960,6
3961,6
3962,5
3963,5
3964,6
3965,6
3966,6
3967,6
3968,6
3969,6
3970,6
3971,6
3972,6
3973,5
3974,5
3975,6
3976,6
3977,6
3978,6
3979,6
3980,6
3981,6
3982,6
3983,6
3984,5
3985,6
3986,6
3987,6
3988,6
3989,6
3990,6
3991,6
3992,6
3993,6
3994,6
3995,5
3996,6
3997,6
3998,6
3999,6
4000,6
4001,6
4002,6
4003,6
4004,6
4005,6
4006,5
4007,6
4008,6
4009,6
4010,6
4011,6
4012,6
4013,6
4014,6
4015,6
4016,6
4017,5
4018,6
4019,6
4020,8
4021,6
4022,6
4023,6
4024,6
4025,6
4026,6
4027,6
4028,5
4029,6
4030,6
4031,6
4032,6
4033,6
4034,5
4035,6
4036,6
4037,6
4038,5
4039,5
4040,6
4041,6
4042,6
4043,6
4044,6
4045,5
4046,6
4047,6
4048,6
4049,5
4050,5
4051,6
4052,6
4053,6
4054,6
4055,6
4056,5
4057,6
4058,6
4059,6
4060,5
4061,6
4062,6
4063,6
4064,6
4065,6
4066,6
4067,5
4068,6
4069,6
4070,6
4071,5
4072,6
4073,6
4074,6
4075,6
4076,6
4077,6
4078,5
4079,6
4080,6
4081,6
4082,5
4083,6
4084,6
4085,6
4086,6
4087,6
4088,6
4089,5
4090,6
4091,6
4092,6
4093,5
4094,6
4095,6
4096,6
4097,6
4098,6
4099,5
4100,6
4101,6
4102,6
4103,5
4104,5
4105,6
4106,6
4107,6
4108,6
4109,6
4110,5
4111,6
4112,6
4113,6
4114,5
4115,6
4116,6
4117,6
4118,6
4119,6
4120,6
4121,5
4122,6
4123,6
4124,6
4125,5
4126,6
4127,6
4128,6
4129,6
4130,6
4131,6
4132,5
4133,6
4134,6
4135,6
4136,5
4137,6
4138,6
4139,5
4140,6
4141,6
4142,6
4143,5
4144,6
4145,6
4146,6
4147,5
4148,6
4149,6
4150,6
4151,6
4152,6
4153,6
4154,5
4155,6
4156,6
4157,6
4158,5
4159,6
4160,6
4161,6
4162,6
4163,6
4164,5
4165,5
4166,6
4167,6
4168,6
4169,5
4170,6
4171,6
4172,6
4173,6
4174,6
4175,5
4176,5
4177,6
4178,6
4179,6
4180,5
4181,6
4182,6
4183,6
4184,6
4185,6
4186,5
4187,5
4188,6
4189,6
4190,6
4191,5
4192,6
4193,6
4194,6
4195,6
4196,6
4197,5
4198,6
4199,6
4200,6
4201,6
4202,6
4203,6
4204,6
4205,6
4206,6
4207,6
4208,5
4209,6
4210,6
4211,6
4212,6
4213,6
4214,6
4215,6
4216,6
4217,6
4218,6
4219,5
4220,6
4221,6
4222,6
4223,6
4224,6
4225,6
4226,6
4227,6
4228,6
4229,6
4230,5
4231,6
4232,6
4233,6
4234,6
4235,6
4236,6
4237,6
4238,6
4239,6
4240,6
4241,5
4242,6
4243,6
4244,6
4245,6
4246,6
4247,6
4248,6
4249,6
4250,6
4251,6
4252,5
4253,6
4254,6
4255,6
4256,6
4257,6
4258,6
4259,6
4260,6
4261,6
4262,6
4263,5
4264,6
4265,6
4266,6
4267,6
4268,6
4269,6
4270,6
4271,6
4272,6
4273,6
4274,5
4275,6
4276,6
4277,6
4278,6
4279,6
4280,6
4281,6
4282,6
4283,6
4284,6
4285,5
4286,6
4287,6
4288,6
4289,6
4290,6
4291,6
4292,6
4293,6
4294,6
4295,6
4296,5
4297,6
4298,6
4299,6
4300,6
4301,6
4302,6
4303,6
4304,6
4305,6
4306,6
4307,5
4308,6
4309,6
4310,6
4311,6
4312,6
4313,6
4314,6
4315,6
4316,6
4317,5
4318,6
4319,6
4320,6
4321,6
4322,6
4323,6
4324,6
4325,6
4326,6
4327,5
4328,5
4329,6
4330,6
4331,6
4332,6
4333,6
4334,6
4335,6
4336,6
4337,6
4338,5
4339,5
4340,6
4341,6
4342,6
4343,6
4344,6
4345,6
4346,6
4347,6
4348,6
4349,5
4350,5
4351,6
4352,6
4353,6
4354,6
4355,6
4356,6
4357,6
4358,6
4359,6
4360,5
4361,6
4362,6
4363,6
4364,6
4365,6
4366,6
4367,6
4368,6
4369,6
4370,6
4371,5
4372,6
4373,6
4374,6
4375,6
4376,5
4377,6
4378,6
4379,6
4380,6
4381,6
4382,5
4383,6
4384,6
4385,6
4386,6
4387,6
4388,6
4389,6
4390,6
4391,6
4392,6
4393,5
4394,6
4395,6
4396,6
4397,6
4398,6
4399,6
4400,6
4401,6
4402,6
4403,6
4404,5
4405,6
4406,6
4407,6
4408,6
4409,6
4410,6
4411,6
4412,6
4413,6
4414,6
4415,5
4416,6
4417,6
4418,6
4419,6
4420,6
4421,6
4422,6
4423,6
4424,6
4425,5
4426,5
4427,6
4428,6
4429,6
4430,6
4431,6
4432,6
4433,6
4434,6
4435,6
4436,5
4437,6
4438,6
4439,6
4440,6
4441,6
4442,6
4443,6
4444,6
4445,6
4446,5
4447,6
4448,6
4449,6
4450,6
4451,6
4452,6
4453,6
4454,6
4455,6
4456,6
4457,5
4458,6
4459,6
4460,6
4461,6
4462,6
4463,5
4464,6
4465,6
4466,6
4467,5
4468,5
4469,6
4470,6
4471,6
4472,6
4473,6
4474,5
4475,6
4476,6
4477,6
4478,5
4479,6
4480,6
4481,6
4482,6
4483,6
4484,6
4485,5
4486,6
4487,6
4488,6
4489,5
4490,6
4491,6
4492,6
4493,6
4494,7
4495,6
4496,5
4497,6
4498,6
4499,6
4500,5
4501,6
4502,6
4503,6
4504,6
4505,6
4506,6
4507,5
4508,6
4509,6
4510,6
4511,5
4512,6
4513,6
4514,6
4515,6
4516,6
4517,6
4518,5
4519,6
4520,6
4521,6
4522,5
4523,6
4524,6
4525,6
4526,6
4527,6
4528,5
4529,5
4530,6
4531,6
4532,5
4533,5
4534,6
4535,6
4536,6
4537,6
4538,6
4539,5
4540,5
4541,6
4542,6
4543,5
4544,6
4545,6
4546,6
4547,6
4548,6
4549,6
4550,5
4551,6
4552,6
4553,6
4554,5
4555,6
4556,6
4557,6
4558,6
4559,6
4560,6
4561,5
4562,6
4563,6
4564,6
4565,5
4566,6
4567,6
4568,6
4569,6
4570,6
4571,5
4572,5
4573,6
4574,6
4575,6
4576,5
4577,6
4578,6
4579,6
4580,6
4581,6
4582,5
4583,6
4584,6
4585,6
4586,6
4587,6
4588,6
4589,6
4590,6
4591,6
4592,6
4593,5
4594,6
4595,6
4596,6
4597,6
4598,6
4599,6
4600,6
4601,6
4602,6
4603,6
4604,5
4605,6
4606,6
4607,6
4608,7
4609,6
4610,6
4611,6
4612,6
4613,5
4614,5
4615,6
4616,6
4617,6
4618,6
4619,6
4620,6
4621,6
4622,6
4623,6
4624,5
4625,6
4626,6
4627,6
4628,6
4629,6
4630,6
4631,6
4632,6
4633,6
4634,6
4635,5
4636,6
4637,6
4638,6
4639,6
4640,6
4641,6
4642,6
4643,6
4644,6
4645,6
4646,5
4647,6
4648,6
4649,6
4650,6
4651,6
4652,6
4653,6
4654,6
4655,6
4656,6
4657,5
4658,6
4659,6
4660,6
4661,6
4662,6
4663,6
4664,6
4665,6
4666,6
4667,6
4668,5
4669,6
4670,6
4671,6
4672,6
4673,6
4674,6
4675,6
4676,6
4677,6
4678,6
4679,5
4680,6
4681,6
4682,6
4683,6
4684,6
4685,6
4686,6
4687,6
4688,6
4689,5
4690,5
4691,6
4692,6
4693,6
4694,6
4695,6
4696,6
4697,6
4698,6
4699,6
4700,5
4701,5
4702,6
4703,6
4704,6
4705,6
4706,5
4707,6
4708,6
4709,6
4710,6
4711,5
4712,5
4713,6
4714,6
4715,6
4716,6
4717,6
4718,6
4719,6
4720,6
4721,6
4722,5
4723,6
4724,6
4725,6
4726,6
4727,6
4728,6
4729,6
4730,6
4731,6
4732,6
4733,5
4734,6
4735,6
4736,6
4737,6
4738,6
4739,6
4740,6
4741,6
4742,6
4743,5
4744,5
4745,6
4746,6
4747,6
4748,6
4749,6
4750,6
4751,6
4752,6
4753,6
4754,5
4755,5
4756,6
4757,6
4758,6
4759,6
4760,6
4761,6
4762,6
4763,6
4764,6
4765,5
4766,6
4767,6
4768,6
4769,6
4770,6
4771,6
4772,6
4773,6
4774,6
4775,6
4776,5
4777,6
4778,6
4779,6
4780,6
4781,6
4782,6
4783,6
4784,6
4785,6
4786,6
4787,5
4788,6
4789,6
4790,6
4791,6
4792,6
4793,6
4794,6
4795,6
4796,6
4797,6
4798,5
4799,6
4800,6
4801,6
4802,6
4803,6
4804,6
4805,6
4806,6
4807,6
4808,6
4809,5
4810,6
4811,6
4812,6
4813,6
4814,6
4815,6
4816,6
4817,6
4818,6
4819,5
4820,5
4821,6
4822,6
4823,6
4824,7
4825,6
4826,5
4827,6
4828,6
4829,6
4830,5
4831,5
4832,6
4833,6
4834,6
4835,6
4836,6
4837,5
4838,6
4839,6
4840,6
4841,5
4842,5
4843,6
4844,6
4845,6
4846,6
4847,6
4848,5
4849,6
4850,6
4851,6
4852,5
4853,6
4854,6
4855,6
4856,6
4857,6
4858,6
4859,5
4860,6
4861,6
4862,6
4863,5
4864,6
4865,6
4866,6
4867,6
4868,6
4869,6
4870,5
4871,6
4872,6
4873,6
4874,5
4875,6
4876,6
4877,6
4878,6
4879,6
4880,6
4881,5
4882,6
4883,6
4884,6
4885,5
4886,6
4887,6
4888,6
4889,6
4890,6
4891,6
4892,5
4893,6
4894,6
4895,5
4896,5
4897,6
4898,6
4899,6
4900,6
4901,6
4902,5
4903,6
4904,6
4905,6
4906,5
4907,6
4908,6
4909,6
4910,6
4911,6
4912,6
4913,5
4914,6
4915,6
4916,6
4917,5
4918,6
4919,6
4920,6
4921,6
4922,6
4923,6
4924,5
4925,6
4926,6
4927,6
4928,5
4929,6
4930,6
4931,6
4932,6
4933,6
4934,6
4935,5
4936,6
4937,6
4938,6
4939,5
4940,6
4941,6
4942,6
4943,5
4944,6
4945,5
4946,5
4947,6
4948,6
4949,6
4950,6
4951,6
4952,6
4953,6
4954,6
4955,5
4956,5
4957,6
4958,6
4959,6
4960,6
4961,6
4962,6
4963,6
4964,6
4965,6
4966,5
4967,5
4968,6
4969,6
4970,6
4971,6
4972,6
4973,6
4974,6
4975,6
4976,6
4977,5
4978,6
4979,6
4980,6
4981,6
4982,6
4983,6
4984,6
4985,6
4986,6
4987,6
4988,5
4989,6
4990,6
4991,6
4992,6
4993,6
4994,6
4995,6
4996,6
4997,6
4998,6
4999,5
5000,6
5001,6
5002,6
5003,6
5004,6
5005,6
5006,6
5007,6
5008,6
5009,6
5010,5
5011,6
5012,6
5013,6
5014,6
5015,6
5016,6
5017,6
5018,6
5019,6
5020,5
5021,5
5022,6
5023,6
5024,6
5025,6
5026,6
5027,6
5028,6
5029,6
5030,6
5031,5
5032,6
5033,6
5034,6
5035,6
5036,6
5037,6
5038,6
5039,6
5040,6
5041,6
5042,5
5043,6
5044,6
5045,6
5046,6
5047,6
5048,6
5049,6
5050,6
5051,6
5052,6
5053,5
5054,6
5055,6
5056,6
5057,6
5058,6
5059,6
5060,6
5061,7
5062,6
5063,6
5064,5
5065,6
5066,6
5067,6
5068,6
5069,6
5070,6
5071,6
5072,6
5073,6
5074,6
5075,5
5076,6
5077,6
5078,6
5079,6
5080,6
5081,6
5082,6
5083,6
5084,6
5085,5
5086,5
5087,6
5088,6
5089,6
5090,6
5091,6
5092,6
5093,6
5094,6
5095,6
5096,5
5097,5
5098,6
5099,6
5100,6
5101,6
5102,6
5103,6
5104,6
5105,6
5106,6
5107,5
5108,5
5109,6
5110,6
5111,6
5112,6
5113,6
5114,6
5115,6
5116,6
5117,6
5118,5
5119,6
5120,6
5121,6
5122,6
5123,6
5124,6
5125,6
5126,6
5127,6
5128,6
5129,5
5130,6
5131,6
5132,6
5133,6
5134,6
5135,6
5136,6
5137,6
5138,6
5139,6
5140,5
5141,6
5142,6
5143,6
5144,6
5145,6
5146,6
5147,6
5148,6
5149,6
5150,6
5151,5
5152,6
5153,6
5154,6
5155,6
5156,6
5157,6
5158,6
5159,6
5160,6
5161,6
5162,5
5163,6
5164,6
5165,6
5166,6
5167,6
5168,6
5169,6
5170,6
5171,6
5172,6
5173,5
5174,6
5175,6
5176,6
5177,6
5178,6
5179,6
5180,5
5181,6
5182,6
5183,6
5184,5
5185,6
5186,6
5187,6
5188,6
5189,6
5190,6
5191,6
5192,6
5193,6
5194,5
5195,5
5196,6
5197,6
5198,6
5199,6
5200,6
5201,6
5202,6
5203,6
5204,6
5205,5
5206,6
5207,6
5208,6
5209,6
5210,6
5211,6
5212,6
5213,6
5214,6
5215,6
5216,5
5217,6
5218,6
5219,6
5220,6
5221,6
5222,6
5223,6
5224,6
5225,6
5226,6
5227,5
5228,6
5229,6
5230,6
5231,6
5232,6
5233,6
5234,6
5235,6
5236,6
5237,6
5238,5
5239,6
5240,6
5241,6
5242,6
5243,6
5244,5
5245,6
5246,6
5247,6
5248,5
5249,6
5250,6
5251,6
5252,6
5253,6
5254,6
5255,5
5256,6
5257,6
5258,6
5259,5
5260,6
5261,6
5262,6
5263,6
5264,6
5265,6
5266,5
5267,6
5268,6
5269,6
5270,5
5271,6
5272,6
5273,6
5274,6
5275,6
5276,5
5277,5
5278,6
5279,6
5280,5
5281,5
5282,6
5283,6
5284,6
5285,6
5286,6
5287,5
5288,5
5289,6
5290,6
5291,6
5292,6
5293,6
5294,6
5295,6
5296,6
5297,5
5298,5
5299,6
5300,6
5301,6
5302,6
5303,6
5304,6
5305,6
5306,6
5307,6
5308,5
5309,6
5310,6
5311,6
5312,6
5313,6
5314,6
5315,6
5316,6
5317,6
5318,6
5319,5
5320,6
5321,6
5322,6
5323,6
5324,6
5325,6
5326,6
5327,6
5328,6
5329,6
5330,5
5331,6
5332,6
5333,6
5334,6
5335,6
5336,6
5337,6
5338,6
5339,6
5340,6
5341,5
5342,6
5343,6
5344,6
5345,6
5346,6
5347,6
5348,6
5349,6
5350,6
5351,5
5352,5
5353,6
5354,6
5355,6
5356,6
5357,6
5358,6
5359,6
5360,6
5361,6
5362,5
5363,5
5364,6
5365,6
5366,6
5367,6
5368,6
5369,6
5370,6
5371,6
5372,6
5373,5
5374,5
5375,6
5376,5
5377,6
5378,6
5379,6
5380,6
5381,6
5382,6
5383,6
5384,5
5385,6
5386,6
5387,6
5388,6
5389,6
5390,6
5391,6
5392,6
5393,6
5394,6
5395,5
5396,6
5397,6
5398,6
5399,6
5400,6
5401,6
5402,6
5403,6
5404,6
5405,6
5406,5
5407,6
5408,6
5409,6
5410,6
5411,6
5412,6
5413,6
5414,6
5415,6
5416,6
5417,5
5418,6
5419,6
5420,6
5421,6
5422,6
5423,7
5424,6
5425,6
5426,6
5427,6
5428,5
5429,6
5430,6
5431,6
5432,6
5433,6
5434,7
5435,6
5436,6
5437,6
5438,5
5439,5
5440,6
5441,6
5442,6
5443,6
5444,6
5445,6
5446,6
5447,6
5448,6
5449,5
5450,5
5451,6
5452,6
5453,6
5454,6
5455,6
5456,6
5457,6
5458,6
5459,6
5460,5
5461,6
5462,6
5463,6
5464,6
5465,5
5466,5
5467,6
5468,6
5469,5
5470,6
5471,6
5472,6
5473,6
5474,6
5475,6
5476,5
5477,6
5478,6
5479,6
5480,5
5481,6
5482,6
5483,6
5484,6
5485,6
5486,6
5487,5
5488,6
5489,6
5490,6
5491,5
5492,6
5493,6
5494,7
5495,6
5496,6
5497,6
5498,5
5499,6
5500,6
5501,6
5502,5
5503,6
5504,6
5505,6
5506,6
5507,6
5508,6
5509,5
5510,6
5511,6
5512,6
5513,5
5514,6
5515,6
5516,6
5517,6
5518,6
5519,5
5520,5
5521,6
5522,6
5523,6
5524,5
5525,6
5526,6
5527,6
5528,6
5529,6
5530,5
5531,5
5532,6
5533,6
5534,6
5535,5
5536,6
5537,6
5538,6
5539,6
5540,6
5541,5
5542,5
5543,6
5544,6
5545,6
5546,5
5547,6
5548,6
5549,6
5550,6
5551,6
5552,5
5553,6
5554,6
5555,6
5556,6
5557,6
5558,6
5559,6
5560,6
5561,6
5562,6
5563,5
5564,6
5565,6
5566,6
5567,6
5568,6
5569,6
5570,6
5571,6
5572,6
5573,6
5574,5
5575,6
5576,6
5577,6
5578,6
5579,6
5580,6
5581,6
5582,6
5583,6
5584,6
5585,5
5586,6
5587,6
5588,6
5589,6
5590,6
5591,6
5592,6
5593,6
5594,6
5595,6
5596,5
5597,6
5598,6
5599,6
5600,6
5601,6
5602,6
5603,6
5604,6
5605,6
5606,5
5607,5
5608,6
5609,6
5610,6
5611,6
5612,6
5613,5
5614,6
5615,6
5616,6
5617,5
5618,5
5619,6
5620,6
5621,6
5622,6
5623,6
5624,6
5625,6
5626,6
5627,6
5628,5
5629,6
5630,6
5631,6
5632,6
5633,6
5634,6
5635,6
5636,6
5637,6
5638,6
5639,5
5640,6
5641,6
5642,6
5643,6
5644,6
5645,6
5646,6
5647,6
5648,6
5649,6
5650,5
5651,6
5652,6
5653,6
5654,6
5655,6
5656,6
5657,6
5658,6
5659,6
5660,6
5661,5
5662,6
5663,6
5664,6
5665,6
5666,6
5667,6
5668,6
5669,6
5670,6
5671,6
5672,5
5673,6
5674,6
5675,6
5676,6
5677,6
5678,6
5679,6
5680,6
5681,6
5682,6
5683,5
5684,6
5685,6
5686,6
5687,6
5688,6
5689,6
5690,6
5691,6
5692,6
5693,5
5694,5
5695,6
5696,6
5697,6
5698,6
5699,6
5700,6
5701,6
5702,6
5703,6
5704,5
5705,5
5706,6
5707,6
5708,6
5709,6
5710,6
5711,6
5712,6
5713,6
5714,6
5715,5
5716,5
5717,6
5718,6
5719,6
5720,6
5721,6
5722,6
5723,6
5724,6
5725,6
5726,5
5727,6
5728,6
5729,6
5730,6
5731,7
5732,6
5733,6
5734,6
5735,6
5736,6
5737,5
5738,6
5739,6
5740,6
5741,6
5742,6
5743,6
5744,6
5745,6
5746,6
5747,6
5748,5
5749,6
5750,6
5751,6
5752,6
5753,6
5754,6
5755,6
5756,6
5757,6
5758,5
5759,5
5760,6
5761,6
5762,6
5763,6
5764,6
5765,6
5766,6
5767,6
5768,6
5769,5
5770,5
5771,6
5772,6
5773,6
5774,6
5775,6
5776,6
5777,6
5778,6
5779,6
5780,5
5781,5
5782,6
5783,6
5784,6
5785,6
5786,6
5787,6
5788,6
5789,6
5790,6
5791,5
5792,5
5793,6
5794,6
5795,6
5796,6
5797,6
5798,6
5799,6
5800,6
5801,6
5802,5
5803,6
5804,6
5805,6
5806,6
5807,6
5808,6
5809,6
5810,6
5811,6
5812,6
5813,5
5814,6
5815,6
5816,6
5817,6
5818,6
5819,6
5820,6
5821,6
5822,6
5823,6
5824,5
5825,6
5826,6
5827,6
5828,6
5829,6
5830,6
5831,6
5832,6
5833,6
5834,6
5835,5
5836,6
5837,6
5838,6
5839,6
5840,6
5841,6
5842,6
5843,6
5844,6
5845,5
5846,5
5847,6
5848,6
5849,6
5850,6
5851,6
5852,6
5853,6
5854,6
5855,6
5856,5
5857,6
5858,6
5859,6
5860,6
5861,6
5862,6
5863,6
5864,6
5865,6
5866,6
5867,5
5868,6
5869,6
5870,6
5871,6
5872,6
5873,6
5874,6
5875,6
5876,6
5877,6
5878,5
5879,6
5880,6
5881,6
5882,6
5883,6
5884,6
5885,6
5886,6
5887,6
5888,6
5889,5
5890,6
5891,6
5892,6
5893,6
5894,6
5895,6
5896,6
5897,6
5898,6
5899,6
5900,5
5901,6
5902,6
5903,6
5904,6
5905,6
5906,6
5907,6
5908,6
5909,6
5910,6
5911,5
5912,6
5913,6
5914,6
5915,6
5916,6
5917,5
5918,6
5919,6
5920,6
5921,5
5922,5
5923,6
5924,6
5925,6
5926,6
5927,6
5928,5
5929,6
5930,6
5931,6
5932,5
5933,6
5934,6
5935,6
5936,6
5937,6
5938,5
5939,5
5940,6
5941,6
5942,5
5943,5
5944,6
5945,6
5946,6
5947,6
5948,6
5949,5
5950,5
5951,6
5952,6
5953,5
5954,5
5955,6
5956,6
5957,6
5958,6
5959,6
5960,5
5961,6
5962,6
5963,6
5964,5
5965,5
5966,6
5967,6
5968,7
5969,6
5970,6
5971,5
5972,6
5973,6
5974,6
5975,6
5976,5
5977,6
5978,6
5979,6
5980,6
5981,6
5982,6
5983,5
5984,6
5985,6
5986,6
5987,5
5988,6
5989,6
5990,6
5991,6
5992,6
5993,6
5994,5
5995,6
5996,6
5997,6
5998,5
5999,6
6000,6
6001,6
6002,6
6003,6
6004,6
6005,5
6006,6
6007,6
6008,6
6009,5
6010,6
6011,6
6012,6
6013,6
6014,6
6015,6
6016,5
6017,6
6018,6
6019,6
6020,5
6021,6
6022,6
6023,6
6024,6
6025,6
6026,6
6027,5
6028,6
6029,6
6030,6
6031,5
6032,6
6033,6
6034,6
6035,6
6036,6
6037,6
6038,5
6039,6
6040,6
6041,6
6042,5
6043,6
6044,6
6045,6
6046,6
6047,6
6048,6
6049,5
6050,6
6051,5
6052,5
6053,5
6054,6
6055,6
6056,6
6057,6
6058,6
6059,5
6060,5
6061,6
6062,6
6063,5
6064,5
6065,6
6066,6
6067,6
6068,6
6069,6
6070,5
6071,5
6072,6
6073,6
6074,5
6075,5
6076,6
6077,6
6078,6
6079,6
6080,6
6081,5
6082,6
6083,6
6084,6
6085,5
6086,6
6087,6
6088,6
6089,6
6090,6
6091,6
6092,5
6093,6
6094,6
6095,6
6096,5
6097,6
6098,6
6099,6
6100,6
6101,6
6102,6
6103,5
6104,6
6105,6
6106,6
6107,5
6108,6
6109,6
6110,6
6111,6
6112,6
6113,5
6114,5
6115,6
6116,6
6117,6
6118,5
6119,6
6120,6
6121,6
6122,6
6123,6
6124,5
6125,5
6126,6
6127,6
6128,6
6129,5
6130,6
6131,6
6132,6
6133,6
6134,6
6135,5
6136,6
6137,6
6138,6
6139,6
6140,6
6141,6
6142,6
6143,6
6144,6
6145,6
6146,5
6147,5
6148,6
6149,6
6150,6
6151,5
6152,6
6153,6
6154,6
6155,6
6156,6
6157,5
6158,6
6159,6
6160,6
6161,6
6162,6
6163,6
6164,6
6165,6
6166,6
6167,6
6168,5
6169,6
6170,6
6171,6
6172,6
6173,6
6174,6
6175,6
6176,6
6177,6
6178,6
6179,5
6180,6
6181,6
6182,6
6183,6
6184,6
6185,6
6186,6
6187,6
6188,6
6189,6
6190,5
6191,6
6192,6
6193,6
6194,6
6195,6
6196,6
6197,6
6198,6
6199,6
6200,6
6201,5
6202,6
6203,6
6204,6
6205,6
6206,6
6207,6
6208,6
6209,6
6210,6
6211,6
6212,5
6213,6
6214,6
6215,6
6216,6
6217,6
6218,6
6219,6
6220,6
6221,6
6222,6
6223,5
6224,6
6225,6
6226,6
6227,6
6228,6
6229,6
6230,6
6231,6
6232,6
6233,6
6234,5
6235,6
6236,6
6237,6
6238,6
6239,6
6240,6
6241,6
6242,6
6243,6
6244,6
6245,5
6246,6
6247,6
6248,6
6249,6
6250,6
6251,6
6252,6
6253,6
6254,6
6255,6
6256,5
6257,6
6258,6
6259,6
6260,6
6261,6
6262,6
6263,6
6264,6
6265,6
6266,5
6267,5
6268,6
6269,6
6270,6
6271,6
6272,6
6273,6
6274,6
6275,6
6276,6
6277,5
6278,5
6279,6
6280,6
6281,6
6282,6
6283,6
6284,6
6285,6
6286,6
6287,6
6288,5
6289,5
6290,6
6291,6
6292,6
6293,6
6294,6
6295,6
6296,6
6297,6
6298,6
6299,5
6300,6
6301,6
6302,6
6303,6
6304,6
6305,6
6306,6
6307,6
6308,6
6309,6
6310,5
6311,6
6312,6
6313,6
6314,6
6315,6
6316,6
6317,6
6318,6
6319,6
6320,6
6321,5
6322,6
6323,6
6324,6
6325,6
6326,6
6327,6
6328,6
6329,6
6330,6
6331,6
6332,5
6333,6
6334,6
6335,6
6336,6
6337,6
6338,6
6339,6
6340,6
6341,6
6342,6
6343,5
6344,6
6345,6
6346,6
6347,6
6348,6
6349,6
6350,6
6351,6
6352,6
6353,6
6354,5
6355,6
6356,6
6357,6
6358,6
6359,6
6360,6
6361,6
6362,6
6363,6
6364,5
6365,6
6366,6
6367,6
6368,6
6369,6
6370,6
6371,6
6372,6
6373,6
6374,5
6375,5
6376,6
6377,6
6378,6
6379,6
6380,6
6381,6
6382,6
6383,6
6384,6
6385,5
6386,5
6387,6
6388,6
6389,6
6390,6
6391,6
6392,6
6393,6
6394,6
6395,6
6396,5
6397,5
6398,6
6399,6
6400,6
6401,6
6402,6
6403,6
6404,6
6405,6
6406,6
6407,5
6408,6
6409,6
6410,6
6411,6
6412,6
6413,6
6414,6
6415,6
6416,6
6417,6
6418,5
6419,6
6420,6
6421,6
6422,6
6423,6
6424,6
6425,6
6426,6
6427,6
6428,6
6429,5
6430,6
6431,6
6432,6
6433,6
6434,6
6435,6
6436,6
6437,6
6438,6
6439,6
6440,5
6441,6
6442,6
6443,6
6444,6
6445,6
6446,7
6447,6
6448,6
6449,6
6450,6
6451,5
6452,6
6453,6
6454,6
6455,6
6456,6
6457,7
6458,6
6459,6
6460,6
6461,6
6462,5
6463,6
6464,6
6465,6
6466,6
6467,6
6468,6
6469,6
6470,6
6471,6
6472,5
6473,5
6474,6
6475,6
6476,6
6477,6
6478,6
6479,6
6480,6
6481,6
6482,6
6483,5
6484,5
6485,6
6486,6
6487,6
6488,6
6489,5
6490,6
6491,6
6492,5
6493,5
6494,6
6495,6
6496,6
6497,6
6498,6
6499,5
6500,5
6501,6
6502,6
6503,5
6504,5
6505,6
6506,6
6507,6
6508,6
6509,6
6510,5
6511,5
6512,6
6513,6
6514,5
6515,5
6516,6
6517,6
6518,6
6519,6
6520,6
6521,5
6522,6
6523,6
6524,6
6525,5
6526,6
6527,6
6528,6
6529,6
6530,6
6531,6
6532,5
6533,6
6534,6
6535,6
6536,5
6537,6
6538,6
6539,6
6540,6
6541,6
6542,6
6543,5
6544,6
6545,6
6546,6
6547,5
6548,6
6549,6
6550,6
6551,6
6552,6
6553,5
6554,5
6555,6
6556,6
6557,6
6558,5
6559,6
6560,6
6561,6
6562,6
6563,6
6564,5
6565,5
6566,6
6567,6
6568,6
6569,5
6570,6
6571,6
6572,6
6573,6
6574,6
6575,5
6576,6
6577,6
6578,6
6579,6
6580,5
6581,6
6582,6
6583,6
6584,6
6585,6
6586,5
6587,6
6588,6
6589,6
6590,6
6591,6
6592,6
6593,6
6594,6
6595,6
6596,5
6597,5
6598,6
6599,6
6600,6
6601,6
6602,6
6603,6
6604,6
6605,6
6606,6
6607,5
6608,5
6609,6
6610,6
6611,6
6612,6
6613,6
6614,6
6615,6
6616,6
6617,6
6618,5
6619,6
6620,6
6621,6
6622,6
6623,6
6624,6
6625,6
6626,6
6627,6
6628,6
6629,5
6630,6
6631,6
6632,6
6633,6
6634,6
6635,6
6636,6
6637,6
6638,6
6639,60
6640,6
6641,6
6642,6
6643,5
6644,6
6645,6
6646,6
6647,6
6648,6
6649,5
6650,5
6651,6
6652,6
6653,5
6654,5
6655,6
6656,6
6657,6
6658,5
6659,6
6660,6
6661,6
6662,6
6663,6
6664,5
6665,5
6666,6
6667,6
6668,6
6669,5
6670,6
6671,6
6672,6
6673,6
6674,6
6675,5
6676,6
6677,6
6678,6
6679,6
6680,5
6681,6
6682,6
6683,6
6684,6
6685,6
6686,5
6687,6
6688,6
6689,6
6690,6
6691,6
6692,6
6693,6
6694,6
6695,6
6696,6
6697,5
6698,6
6699,6
6700,6
6701,6
6702,6
6703,6
6704,6
6705,6
6706,6
6707,6
6708,5
6709,6
6710,6
6711,6
6712,6
6713,6
6714,6
6715,6
6716,6
6717,6
6718,6
6719,5
6720,6
6721,6
6722,6
6723,6
6724,6
6725,6
6726,6
6727,6
6728,6
6729,6
6730,5
6731,6
6732,6
6733,6
6734,6
6735,6
6736,6
6737,6
6738,6
6739,6
6740,6
6741,5
6742,6
6743,6
6744,6
6745,6
6746,6
6747,6
6748,6
6749,6
6750,6
6751,5
6752,5
6753,6
6754,6
6755,6
6756,6
6757,6
6758,6
6759,6
6760,6
6761,6
6762,5
6763,5
6764,6
6765,6
6766,6
6767,6
6768,6
6769,6
6770,6
6771,6
6772,6
6773,5
6774,6
6775,6
6776,6
6777,6
6778,6
6779,6
6780,6
6781,6
6782,6
6783,6
6784,5
6785,6
6786,6
6787,6
6788,6
6789,6
6790,6
6791,6
6792,6
6793,6
6794,5
6795,5
6796,6
6797,6
6798,6
6799,6
6800,6
6801,6
6802,6
6803,6
6804,6
6805,5
6806,5
6807,6
6808,6
6809,6
6810,6
6811,6
6812,6
6813,6
6814,6
6815,6
6816,5
6817,5
6818,6
6819,6
6820,6
6821,6
6822,6
6823,6
6824,6
6825,6
6826,6
6827,5
6828,6
6829,6
6830,6
6831,6
6832,6
6833,7
6834,6
6835,6
6836,6
6837,6
6838,5
6839,6
6840,6
6841,6
6842,6
6843,6
6844,6
6845,6
6846,6
6847,6
6848,5
6849,6
6850,6
6851,6
6852,6
6853,6
6854,6
6855,6
6856,6
6857,6
6858,6
6859,5
6860,6
6861,6
6862,6
6863,6
6864,6
6865,5
6866,6
6867,6
6868,6
6869,5
6870,5
6871,6
6872,6
6873,6
6874,6
6875,6
6876,5
6877,6
6878,6
6879,6
6880,5
6881,6
6882,6
6883,6
6884,6
6885,6
6886,6
6887,5
6888,6
6889,6
6890,6
6891,5
6892,6
6893,6
6894,6
6895,6
6896,6
6897,6
6898,5
6899,6
6900,6
6901,6
6902,5
6903,6
6904,6
6905,6
6906,6
6907,6
6908,6
6909,5
6910,6
6911,6
6912,6
6913,5
6914,6
6915,6
6916,6
6917,6
6918,6
6919,6
6920,5
6921,6
6922,6
6923,6
6924,5
6925,6
6926,6
6927,6
6928,6
6929,6
6930,5
6931,5
6932,6
6933,6
6934,5
6935,5
6936,6
6937,6
6938,6
6939,6
6940,6
6941,5
6942,6
6943,6
6944,6
6945,5
6946,6
6947,6
6948,6
6949,6
6950,6
6951,6
6952,5
6953,6
6954,6
6955,6
6956,5
6957,6
6958,6
6959,6
6960,6
6961,6
6962,6
6963,5
6964,6
6965,6
6966,6
6967,5
6968,6
6969,6
6970,6
6971,6
6972,6
6973,6
6974,5
6975,6
6976,6
6977,6
6978,5
6979,6
6980,6
6981,6
6982,6
6983,6
6984,6
6985,5
6986,6
6987,6
6988,6
6989,5
6990,6
6991,6
6992,6
6993,6
6994,6
6995,5
6996,5
6997,6
6998,6
6999,6
7000,6
7001,6
7002,6
7003,6
7004,6
7005,5
7006,5
7007,6
7008,6
7009,6
7010,6
7011,6
7012,6
7013,6
7014,6
7015,6
7016,5
7017,5
7018,6
7019,6
7020,6
7021,6
7022,6
7023,6
7024,6
7025,6
7026,6
7027,5
7028,6
7029,6
7030,6
7031,6
7032,7
7033,6
7034,6
7035,6
7036,6
7037,6
7038,5
7039,6
7040,6
7041,6
7042,6
7043,7
7044,6
7045,6
7046,6
7047,6
7048,6
7049,5
7050,6
7051,6
7052,6
7053,6
7054,6
7055,6
7056,6
7057,6
7058,6
7059,6
7060,5
7061,6
7062,6
7063,6
7064,6
7065,6
7066,6
7067,6
7068,6
7069,6
7070,6
7071,5
7072,6
7073,6
7074,6
7075,6
7076,6
7077,6
7078,6
7079,6
7080,6
7081,6
7082,5
7083,6
7084,6
7085,6
7086,6
7087,6
7088,6
7089,6
7090,6
7091,6
7092,5
7093,5
7094,6
7095,6
7096,6
7097,6
7098,6
7099,6
7100,6
7101,6
7102,6
7103,5
7104,5
7105,6
7106,6
7107,6
7108,6
7109,6
7110,6
7111,6
7112,6
7113,6
7114,5
7115,6
7116,6
7117,6
7118,6
7119,6
7120,6
7121,6
7122,6
7123,6
7124,6
7125,5
7126,6
7127,6
7128,6
7129,6
7130,6
7131,6
7132,6
7133,6
7134,6
7135,6
7136,5
7137,6
7138,6
7139,6
7140,6
7141,6
7142,6
7143,6
7144,6
7145,6
7146,6
7147,5
7148,6
7149,6
7150,6
7151,6
7152,6
7153,6
7154,6
7155,6
7156,6
7157,6
7158,5
7159,6
7160,6
7161,6
7162,6
7163,6
7164,6
7165,6
7166,6
7167,6
7168,6
7169,5
7170,6
7171,6
7172,6
7173,6
7174,6
7175,6
7176,6
7177,6
7178,6
7179,5
7180,5
7181,6
7182,6
7183,6
7184,6
7185,6
7186,6
7187,6
7188,6
7189,6
7190,5
7191,5
7192,6
7193,6
7194,6
7195,6
7196,6
7197,6
7198,6
7199,6
7200,6
7201,5
7202,6
7203,6
7204,6
7205,6
7206,6
7207,6
7208,6
7209,6
7210,6
7211,6
7212,5
7213,6
7214,6
7215,6
7216,6
7217,6
7218,7
7219,6
7220,6
7221,6
7222,6
7223,5
7224,6
7225,6
7226,6
7227,6
7228,6
7229,6
7230,6
7231,6
7232,6
7233,5
7234,6
7235,6
7236,6
7237,6
7238,6
7239,6
7240,6
7241,6
7242,6
7243,6
7244,5
7245,6
7246,6
7247,6
7248,6
7249,6
7250,6
7251,6
7252,6
7253,6
7254,6
7255,5
7256,6
7257,6
7258,6
7259,6
7260,6
7261,6
7262,6
7263,6
7264,6
7265,5
7266,5
7267,6
7268,6
7269,6
7270,6
7271,6
7272,5
7273,6
7274,6
7275,6
7276,5
7277,5
7278,6
7279,6
7280,6
7281,6
7282,6
7283,5
7284,6
7285,6
7286,6
7287,5
7288,6
7289,6
7290,6
7291,6
7292,6
7293,6
7294,5
7295,6
7296,6
7297,6
7298,5
7299,6
7300,6
7301,6
7302,6
7303,6
7304,6
7305,5
7306,6
7307,6
7308,5
7309,5
7310,6
7311,6
7312,6
7313,6
7314,6
7315,5
7316,5
7317,6
7318,6
7319,5
7320,5
7321,6
7322,6
7323,6
7324,6
7325,6
7326,5
7327,6
7328,6
7329,6
7330,5
7331,6
7332,6
7333,6
7334,6
7335,6
7336,6
7337,5
7338,6
7339,6
7340,6
7341,6
7342,6
7343,6
7344,6
7345,5
7346,5
7347,6
7348,6
7349,6
7350,6
7351,6
7352,6
7353,6
7354,6
7355,6
7356,5
7357,6
7358,6
7359,6
7360,6
7361,6
7362,6
7363,6
7364,6
7365,6
7366,6
7367,5
7368,6
7369,6
7370,6
7371,6
7372,6
7373,6
7374,6
7375,6
7376,6
7377,6
7378,5
7379,6
7380,6
7381,6
7382,6
7383,6
7384,6
7385,6
7386,6
7387,6
7388,6
7389,5
7390,6
7391,6
7392,6
7393,6
7394,6
7395,6
7396,6
7397,6
7398,6
7399,6
7400,5
7401,6
7402,6
7403,6
7404,6
7405,6
7406,6
7407,6
7408,6
7409,6
7410,5
7411,5
7412,6
7413,6
7414,6
7415,6
7416,6
7417,6
7418,6
7419,6
7420,6
7421,5
7422,5
7423,6
7424,6
7425,6
7426,6
7427,6
7428,6
7429,6
7430,6
7431,6
7432,5
7433,5
7434,6
7435,6
7436,6
7437,6
7438,6
7439,6
7440,6
7441,6
7442,6
7443,5
7444,5
7445,6
7446,6
7447,6
7448,6
7449,6
7450,6
7451,6
7452,6
7453,6
7454,5
7455,6
7456,6
7457,6
7458,6
7459,6
7460,6
7461,6
7462,6
7463,6
7464,6
7465,5
7466,6
7467,6
7468,6
7469,6
7470,6
7471,6
7472,6
7473,6
7474,6
7475,6
7476,5
7477,6
7478,6
7479,6
7480,6
7481,6
7482,6
7483,6
7484,6
7485,6
7486,6
7487,5
7488,6
7489,6
7490,6
7491,6
7492,6
7493,6
7494,6
7495,6
7496,6
7497,6
7498,5
7499,6
7500,6
7501,6
7502,6
7503,6
7504,6
7505,6
7506,6
7507,6
7508,6
7509,6
7510,6
7511,6
7512,6
7513,6
7514,5
7515,6
7516,6
7517,6
7518,5
7519,6
7520,6
7521,6
7522,6
7523,6
7524,6
7525,5
7526,6
7527,6
7528,6
7529,5
7530,6
7531,6
7532,6
7533,6
7534,6
7535,6
7536,5
7537,6
7538,6
7539,5
7540,5
7541,6
7542,6
7543,6
7544,6
7545,6
7546,5
7547,6
7548,6
7549,6
7550,5
7551,6
7552,6
7553,6
7554,6
7555,6
7556,6
7557,5
7558,6
7559,6
7560,6
7561,5
7562,6
7563,6
7564,6
7565,6
7566,6
7567,6
7568,5
7569,6
7570,6
7571,6
7572,5
7573,6
7574,6
7575,6
7576,6
7577,6
7578,6
7579,5
7580,6
7581,6
7582,6
7583,5
7584,6
7585,6
7586,6
7587,6
7588,6
7589,6
7590,5
7591,6
7592,6
7593,6
7594,5
7595,6
7596,6
7597,6
7598,6
7599,6
7600,6
7601,5
7602,6
7603,6
7604,6
7605,5
7606,6
7607,6
7608,6
7609,6
7610,6
7611,6
7612,5
7613,6
7614,6
7615,6
7616,5
7617,6
7618,6
7619,6
7620,6
7621,6
7622,6
7623,5
7624,6
7625,6
7626,6
7627,5
7628,6
7629,6
7630,6
7631,6
7632,6
7633,5
7634,5
7635,6
7636,6
7637,6
7638,5
7639,6
7640,6
7641,6
7642,6
7643,6
7644,5
7645,6
7646,6
7647,6
7648,6
7649,6
7650,6
7651,6
7652,6
7653,6
7654,6
7655,5
7656,6
7657,6
7658,6
7659,6
7660,6
7661,6
7662,6
7663,6
7664,6
7665,6
7666,5
7667,6
7668,6
7669,6
7670,6
7671,6
7672,6
7673,6
7674,6
7675,6
7676,6
7677,5
7678,6
7679,6
7680,6
7681,6
7682,6
7683,6
7684,6
7685,6
7686,6
7687,5
7688,6
7689,6
7690,6
7691,6
7692,7
7693,6
7694,6
7695,6
7696,6
7697,6
7698,5
7699,6
7700,6
7701,6
7702,6
7703,7
7704,6
7705,6
7706,6
7707,6
7708,6
7709,5
7710,6
7711,6
7712,6
7713,6
7714,6
7715,6
7716,6
7717,6
7718,6
7719,6
7720,5
7721,6
7722,6
7723,6
7724,6
7725,6
7726,6
7727,6
7728,6
7729,6
7730,6
7731,5
7732,6
7733,6
7734,6
7735,6
7736,6
7737,6
7738,6
7739,6
7740,6
7741,6
7742,5
7743,6
7744,6
7745,6
7746,6
7747,6
7748,6
7749,6
7750,6
7751,6
7752,6
7753,5
7754,6
7755,6
7756,6
7757,6
7758,6
7759,6
7760,6
7761,6
7762,6
7763,5
7764,5
7765,6
7766,6
7767,6
7768,6
7769,6
7770,6
7771,6
7772,6
7773,6
7774,5
7775,5
7776,6
7777,6
7778,6
7779,6
7780,6
7781,6
7782,6
7783,6
7784,6
7785,5
7786,5
7787,6
7788,6
7789,6
7790,6
7791,6
7792,6
7793,6
7794,6
7795,6
7796,5
7797,6
7798,6
7799,6
7800,6
7801,6
7802,6
7803,6
7804,6
7805,6
7806,6
7807,5
7808,6
7809,6
7810,6
7811,6
7812,6
7813,6
7814,6
7815,6
7816,6
7817,5
7818,5
7819,6
7820,6
7821,6
7822,6
7823,6
7824,6
7825,6
7826,6
7827,6
7828,5
7829,5
7830,6
7831,6
7832,6
7833,6
7834,6
7835,6
7836,6
7837,6
7838,6
7839,5
7840,5
7841,6
7842,6
7843,6
7844,6
7845,6
7846,6
7847,6
7848,6
7849,6
7850,5
7851,6
7852,6
7853,6
7854,6
7855,6
7856,6
7857,6
7858,6
7859,6
7860,6
7861,5
7862,6
7863,6
7864,6
7865,6
7866,6
7867,6
7868,6
7869,6
7870,6
7871,6
7872,5
7873,6
7874,6
7875,6
7876,6
7877,6
7878,6
7879,6
7880,6
7881,6
7882,6
7883,5
7884,6
7885,6
7886,6
7887,6
7888,6
7889,7
7890,6
7891,6
7892,6
7893,6
7894,5
7895,6
7896,6
7897,6
7898,6
7899,6
7900,7
7901,6
7902,6
7903,6
7904,5
7905,5
7906,6
7907,6
7908,6
7909,6
7910,6
7911,6
7912,6
7913,6
7914,6
7915,5
7916,5
7917,6
7918,6
7919,6
7920,6
7921,6
7922,6
7923,6
7924,6
7925,6
7926,5
7927,5
7928,6
7929,6
7930,6
7931,6
7932,6
7933,6
7934,6
7935,6
7936,6
7937,5
7938,6
7939,6
7940,6
7941,6
7942,6
7943,6
7944,6
7945,6
7946,6
7947,6
7948,5
7949,6
7950,6
7951,6
7952,6
7953,6
7954,6
7955,6
7956,6
7957,6
7958,6
7959,5
7960,6
7961,6
7962,6
7963,6
7964,6
7965,6
7966,6
7967,6
7968,6
7969,6
7970,5
7971,6
7972,6
7973,6
7974,6
7975,6
7976,6
7977,6
7978,6
7979,6
7980,6
7981,5
7982,6
7983,6
7984,6
7985,6
7986,6
7987,6
7988,6
7989,6
7990,6
7991,6
7992,5
7993,6
7994,6
7995,6
7996,6
7997,6
7998,6
7999,6
8000,6
8001,6
8002,6
8003,5
8004,6
8005,6
8006,6
8007,6
8008,6
8009,6
8010,6
8011,6
8012,6
8013,6
8014,5
8015,6
8016,6
8017,6
8018,6
8019,6
8020,6
8021,6
8022,6
8023,6
8024,6
8025,6
8026,6
8027,6
8028,6
8029,5
8030,6
8031,6
8032,6
8033,6
8034,6
8035,6
8036,6
8037,6
8038,6
8039,6
8040,5
8041,6
8042,6
8043,6
8044,6
8045,6
8046,6
8047,6
8048,6
8049,6
8050,5
8051,5
8052,6
8053,6
8054,6
8055,6
8056,6
8057,6
8058,6
8059,6
8060,6
8061,5
8062,5
8063,6
8064,6
8065,6
8066,6
8067,6
8068,6
8069,6
8070,6
8071,6
8072,5
8073,6
8074,6
8075,6
8076,6
8077,7
8078,6
8079,6
8080,6
8081,6
8082,6
8083,5
8084,6
8085,6
8086,6
8087,6
8088,7
8089,6
8090,6
8091,6
8092,6
8093,6
8094,5
8095,6
8096,6
8097,6
8098,6
8099,6
8100,6
8101,6
8102,6
8103,6
8104,6
8105,5
8106,6
8107,6
8108,6
8109,6
8110,6
8111,6
8112,6
8113,6
8114,6
8115,6
8116,5
8117,6
8118,6
8119,6
8120,6
8121,6
8122,6
8123,6
8124,6
8125,6
8126,6
8127,5
8128,6
8129,6
8130,6
8131,6
8132,6
8133,6
8134,6
8135,6
8136,6
8137,6
8138,5
8139,6
8140,6
8141,6
8142,6
8143,6
8144,6
8145,6
8146,6
8147,6
8148,6
8149,5
8150,6
8151,6
8152,6
8153,6
8154,6
8155,6
8156,6
8157,6
8158,6
8159,5
8160,5
8161,6
8162,6
8163,6
8164,6
8165,6
8166,6
8167,6
8168,6
8169,6
8170,5
8171,5
8172,6
8173,6
8174,6
8175,6
8176,6
8177,6
8178,6
8179,6
8180,6
8181,5
8182,5
8183,6
8184,6
8185,6
8186,6
8187,6
8188,6
8189,6
8190,6
8191,6
8192,5
8193,6
8194,6
8195,6
8196,6
8197,6
8198,6
8199,6
8200,6
8201,6
8202,6
8203,5
8204,6
8205,6
8206,6
8207,6
8208,6
8209,6
8210,6
8211,6
8212,6
8213,6
8214,5
8215,6
8216,6
8217,6
8218,6
8219,6
8220,6
8221,6
8222,6
8223,6
8224,5
8225,5
8226,6
8227,6
8228,6
8229,6
8230,6
8231,6
8232,6
8233,6
8234,6
8235,5
8236,5
8237,6
8238,6
8239,6
8240,6
8241,6
8242,6
8243,6
8244,6
8245,6
8246,5
8247,5
8248,6
8249,6
8250,6
8251,6
8252,6
8253,6
8254,6
8255,6
8256,6
8257,5
8258,6
8259,6
8260,6
8261,6
8262,6
8263,6
8264,6
8265,6
8266,6
8267,6
8268,5
8269,6
8270,6
8271,6
8272,6
8273,6
8274,6
8275,6
8276,6
8277,6
8278,6
8279,5
8280,6
8281,6
8282,6
8283,6
8284,6
8285,7
8286,6
8287,6
8288,6
8289,6
8290,5
8291,6
8292,6
8293,6
8294,6
8295,6
8296,7
8297,6
8298,6
8299,6
8300,6
8301,5
8302,6
8303,6
8304,6
8305,6
8306,6
8307,6
8308,6
8309,6
8310,6
8311,5
8312,5
8313,6
8314,6
8315,6
8316,6
8317,6
8318,6
8319,6
8320,6
8321,6
8322,5
8323,5
8324,6
8325,6
8326,6
8327,6
8328,6
8329,6
8330,6
8331,6
8332,6
8333,5
8334,5
8335,6
8336,6
8337,6
8338,6
8339,6
8340,6
8341,6
8342,6
8343,6
8344,5
8345,6
8346,6
8347,6
8348,6
8349,6
8350,6
8351,6
8352,6
8353,6
8354,6
8355,5
8356,6
8357,6
8358,6
8359,6
8360,6
8361,6
8362,6
8363,6
8364,6
8365,6
8366,5
8367,6
8368,6
8369,6
8370,6
8371,6
8372,6
8373,6
8374,6
8375,6
8376,6
8377,5
8378,6
8379,6
8380,6
8381,6
8382,6
8383,6
8384,6
8385,6
8386,6
8387,6
8388,5
8389,6
8390,6
8391,6
8392,6
8393,6
8394,6
8395,6
8396,6
8397,6
8398,6
8399,5
8400,6
8401,6
8402,6
8403,6
8404,6
8405,6
8406,6
8407,6
8408,6
8409,5
8410,6
8411,6
8412,6
8413,6
8414,6
8415,5
8416,5
8417,6
8418,6
8419,5
8420,5
8421,6
8422,6
8423,6
8424,6
8425,6
8426,5
8427,5
8428,6
8429,6
8430,5
8431,5
8432,6
8433,6
8434,6
8435,6
8436,6
8437,5
8438,5
8439,6
8440,6
8441,5
8442,5
8443,6
8444,6
8445,6
8446,6
8447,6
8448,5
8449,6
8450,6
8451,6
8452,5
8453,6
8454,6
8455,6
8456,6
8457,6
8458,6
8459,5
8460,6
8461,6
8462,6
8463,5
8464,6
8465,6
8466,6
8467,6
8468,6
8469,6
8470,5
8471,6
8472,6
8473,6
8474,5
8475,6
8476,6
8477,6
8478,6
8479,6
8480,6
8481,5
8482,6
8483,6
8484,6
8485,5
8486,6
8487,6
8488,6
8489,6
8490,6
8491,6
8492,5
8493,6
8494,6
8495,6
8496,5
8497,6
8498,6
8499,6
8500,6
8501,6
8502,5
8503,5
8504,6
8505,6
8506,6
8507,5
8508,6
8509,6
8510,6
8511,6
8512,6
8513,5
8514,6
8515,6
8516,6
8517,6
8518,6
8519,6
8520,6
8521,6
8522,6
8523,6
8524,5
8525,6
8526,6
8527,6
8528,6
8529,6
8530,6
8531,6
8532,6
8533,5
8534,5
8535,6
8536,6
8537,6
8538,6
8539,6
8540,6
8541,6
8542,6
8543,6
8544,5
8545,6
8546,6
8547,6
8548,6
8549,6
8550,6
8551,6
8552,6
8553,6
8554,6
8555,5
8556,6
8557,6
8558,6
8559,6
8560,6
8561,6
8562,6
8563,6
8564,6
8565,6
8566,5
8567,6
8568,6
8569,6
8570,6
8571,6
8572,6
8573,6
8574,6
8575,6
8576,5
8577,5
8578,6
8579,6
8580,6
8581,6
8582,6
8583,6
8584,6
8585,6
8586,6
8587,5
8588,5
8589,6
8590,6
8591,6
8592,6
8593,6
8594,6
8595,6
8596,6
8597,6
8598,5
8599,6
8600,6
8601,6
8602,6
8603,6
8604,6
8605,6
8606,6
8607,6
8608,6
8609,5
8610,6
8611,6
8612,6
8613,6
8614,6
8615,6
8616,6
8617,6
8618,6
8619,6
8620,5
8621,6
8622,6
8623,6
8624,6
8625,6
8626,7
8627,6
8628,6
8629,6
8630,6
8631,5
8632,6
8633,6
8634,6
8635,6
8636,6
8637,6
8638,6
8639,6
8640,6
8641,5
8642,6
8643,6
8644,6
8645,6
8646,6
8647,6
8648,6
8649,6
8650,6
8651,6
8652,5
8653,6
8654,6
8655,6
8656,6
8657,6
8658,6
8659,6
8660,6
8661,6
8662,6
8663,5
8664,6
8665,6
8666,6
8667,6
8668,6
8669,6
8670,6
8671,6
8672,6
8673,6
8674,5
8675,6
8676,6
8677,6
8678,6
8679,6
8680,6
8681,6
8682,6
8683,6
8684,5
8685,6
8686,6
8687,6
8688,6
8689,6
8690,6
8691,5
8692,6
8693,6
8694,6
8695,5
8696,6
8697,6
8698,6
8699,7
8700,6
8701,6
8702,5
8703,6
8704,6
8705,6
8706,5
8707,6
8708,6
8709,6
8710,6
8711,6
8712,6
8713,5
8714,6
8715,6
8716,6
8717,5
8718,6
8719,6
8720,6
8721,6
8722,6
8723,5
8724,5
8725,6
8726,6
8727,6
8728,5
8729,6
8730,6
8731,6
8732,6
8733,6
8734,5
8735,5
8736,6
8737,6
8738,5
8739,5
8740,6
8741,6
8742,6
8743,6
8744,6
8745,5
8746,5
8747,6
8748,6
8749,5
8750,5
8751,6
8752,6
8753,5
8754,6
8755,6
8756,5
8757,5
8758,6
8759,6
8760,5
8761,5
8762,6
8763,6
8764,6
8765,6
8766,6
8767,5
8768,6
8769,6
8770,6
8771,5
8772,6
8773,6
8774,6
8775,6
8776,6
8777,6
8778,5
8779,6
8780,6
8781,6
8782,5
8783,6
8784,6
8785,6
8786,6
8787,6
8788,6
8789,5
8790,6
8791,6
8792,6
8793,5
8794,6
8795,6
8796,6
8797,6
8798,6
8799,6
8800,5
8801,6
8802,6
8803,6
8804,5
8805,6
8806,6
8807,6
8808,6
8809,6
8810,6
8811,5
8812,6
8813,6
8814,6
8815,5
8816,6
8817,6
8818,6
8819,6
8820,6
8821,5
8822,6
8823,6
8824,6
8825,6
8826,5
8827,6
8828,6
8829,6
8830,6
8831,6
8832,5
8833,6
8834,6
8835,6
8836,6
8837,6
8838,6
8839,6
8840,6
8841,6
8842,6
8843,5
8844,6
8845,6
8846,6
8847,6
8848,6
8849,6
8850,6
8851,6
8852,6
8853,6
8854,5
8855,6
8856,6
8857,6
8858,6
8859,6
8860,6
8861,6
8862,6
8863,6
8864,6
8865,5
8866,6
8867,6
8868,6
8869,6
8870,6
8871,6
8872,6
8873,6
8874,6
8875,5
8876,5
8877,6
8878,6
8879,6
8880,6
8881,6
8882,6
8883,6
8884,6
8885,6
8886,5
8887,5
8888,6
8889,6
8890,6
8891,6
8892,6
8893,6
8894,6
8895,6
8896,6
8897,5
8898,6
8899,6
8900,6
8901,6
8902,6
8903,6
8904,6
8905,6
8906,6
8907,6
8908,5
8909,6
8910,6
8911,6
8912,6
8913,6
8914,6
8915,6
8916,6
8917,6
8918,6
8919,5
8920,6
8921,6
8922,6
8923,6
8924,6
8925,6
8926,6
8927,6
8928,6
8929,6
8930,5
8931,6
8932,6
8933,6
8934,6
8935,6
8936,6
8937,6
8938,6
8939,6
8940,5
8941,5
8942,6
8943,6
8944,6
8945,6
8946,6
8947,6
8948,6
8949,6
8950,6
8951,5
8952,5
8953,6
8954,6
8955,6
8956,6
8957,6
8958,6
8959,6
8960,6
8961,6
8962,5
8963,5
8964,6
8965,6
8966,6
8967,6
8968,6
8969,6
8970,6
8971,6
8972,6
8973,5
8974,6
8975,6
8976,6
8977,6
8978,6
8979,6
8980,6
8981,6
8982,6
8983,6
8984,5
8985,6
8986,6
8987,6
8988,6
8989,6
8990,6
8991,6
8992,6
8993,6
8994,6
8995,5
8996,6
8997,6
8998,6
8999,6
9000,6
9001,6
9002,6
9003,6
9004,6
9005,6
9006,5
9007,6
9008,6
9009,6
9010,6
9011,6
9012,6
9013,6
9014,6
9015,6
9016,6
9017,5
9018,6
9019,6
9020,6
9021,6
9022,6
9023,7
9024,6
9025,6
9026,6
9027,6
9028,5
9029,6
9030,6
9031,6
9032,6
9033,6
9034,7
9035,6
9036,6
9037,6
9038,5
9039,5
9040,6
9041,6
9042,6
9043,6
9044,6
9045,6
9046,6
9047,6
9048,5
9049,5
9050,6
9051,6
9052,6
9053,6
9054,6
9055,5
9056,6
9057,6
9058,6
9059,5
9060,6
9061,6
9062,6
9063,6
9064,6
9065,6
9066,5
9067,6
9068,6
9069,6
9070,5
9071,6
9072,6
9073,6
9074,6
9075,6
9076,6
9077,5
9078,6
9079,6
9080,6
9081,5
9082,6
9083,6
9084,6
9085,6
9086,6
9087,6
9088,5
9089,6
9090,6
9091,6
9092,5
9093,6
9094,6
9095,6
9096,6
9097,6
9098,6
9099,5
9100,6
9101,6
9102,6
9103,5
9104,6
9105,6
9106,6
9107,6
9108,6
9109,5
9110,5
9111,6
9112,6
9113,5
9114,5
9115,6
9116,6
9117,6
9118,6
9119,6
9120,5
9121,6
9122,6
9123,6
9124,5
9125,6
9126,6
9127,6
9128,6
9129,6
9130,6
9131,5
9132,6
9133,6
9134,6
9135,5
9136,6
9137,6
9138,6
9139,6
9140,6
9141,6
9142,5
9143,6
9144,6
9145,6
9146,5
9147,6
9148,6
9149,6
9150,6
9151,6
9152,6
9153,5
9154,6
9155,6
9156,6
9157,5
9158,6
9159,6
9160,6
9161,6
9162,6
9163,6
9164,5
9165,6
9166,6
9167,6
9168,5
9169,6
9170,6
9171,6
9172,6
9173,6
9174,5
9175,5
9176,6
9177,6
9178,6
9179,6
9180,6
9181,6
9182,6
9183,6
9184,6
9185,5
9186,6
9187,6
9188,6
9189,6
9190,6
9191,6
9192,6
9193,6
9194,6
9195,6
9196,5
9197,6
9198,6
9199,6
9200,6
9201,6
9202,6
9203,6
9204,6
9205,6
9206,6
9207,5
9208,6
9209,6
9210,6
9211,6
9212,6
9213,6
9214,6
9215,6
9216,6
9217,6
9218,5
9219,6
9220,6
9221,6
9222,6
9223,6
9224,6
9225,6
9226,6
9227,6
9228,6
9229,5
9230,6
9231,6
9232,6
9233,6
9234,6
9235,6
9236,6
9237,6
9238,6
9239,6
9240,5
9241,6
9242,6
9243,6
9244,6
9245,6
9246,6
9247,6
9248,6
9249,6
9250,6
9251,5
9252,6
9253,6
9254,6
9255,6
9256,6
9257,6
9258,6
9259,6
9260,6
9261,6
9262,5
9263,6
9264,6
9265,6
9266,6
9267,6
9268,6
9269,6
9270,6
9271,6
9272,6
9273,5
9274,6
9275,6
9276,6
9277,6
9278,6
9279,6
9280,6
9281,6
9282,6
9283,5
9284,6
9285,6
9286,6
9287,6
9288,7
9289,6
9290,6
9291,6
9292,6
9293,6
9294,5
9295,6
9296,6
9297,6
9298,6
9299,6
9300,6
9301,6
9302,6
9303,6
9304,6
9305,5
9306,6
9307,6
9308,6
9309,6
9310,6
9311,6
9312,6
9313,6
9314,6
9315,6
9316,5
9317,6
9318,6
9319,6
9320,6
9321,6
9322,6
9323,6
9324,6
9325,6
9326,5
9327,5
9328,6
9329,6
9330,6
9331,6
9332,6
9333,6
9334,6
9335,6
9336,6
9337,5
9338,6
9339,6
9340,6
9341,6
9342,6
9343,6
9344,6
9345,6
9346,6
9347,6
9348,5
9349,6
9350,6
9351,6
9352,6
9353,6
9354,6
9355,6
9356,6
9357,6
9358,5
9359,6
9360,6
9361,6
9362,6
9363,6
9364,6
9365,6
9366,6
9367,6
9368,6
9369,5
9370,6
9371,6
9372,6
9373,6
9374,6
9375,6
9376,6
9377,6
9378,6
9379,6
9380,5
9381,6
9382,6
9383,6
9384,6
9385,6
9386,6
9387,6
9388,6
9389,5
9390,5
9391,6
9392,6
9393,6
9394,6
9395,6
9396,5
9397,6
9398,6
9399,6
9400,5
9401,5
9402,6
9403,6
9404,6
9405,6
9406,6
9407,5
9408,6
9409,6
9410,6
9411,5
9412,5
9413,6
9414,6
9415,6
9416,6
9417,6
9418,5
9419,6
9420,6
9421,6
9422,5
9423,5
9424,6
9425,6
9426,6
9427,6
9428,6
9429,5
9430,6
9431,6
9432,6
9433,5
9434,6
9435,6
9436,6
9437,6
9438,6
9439,6
9440,5
9441,6
9442,6
9443,6
9444,5
9445,6
9446,6
9447,6
9448,6
9449,6
9450,6
9451,5
9452,6
9453,6
9454,6
9455,5
9456,6
9457,6
9458,6
9459,6
9460,6
9461,6
9462,5
9463,6
9464,6
9465,6
9466,5
9467,6
9468,6
9469,6
9470,6
9471,6
9472,5
9473,5
9474,6
9475,6
9476,5
9477,5
9478,6
9479,6
9480,6
9481,6
9482,6
9483,5
9484,5
9485,6
9486,6
9487,5
9488,6
9489,6
9490,6
9491,6
9492,6
9493,6
9494,5
9495,6
9496,6
9497,6
9498,5
9499,6
9500,6
9501,6
9502,6
9503,6
9504,6
9505,5
9506,6
9507,6
9508,6
9509,5
9510,6
9511,6
9512,6
9513,6
9514,6
9515,6
9516,5
9517,6
9518,6
9519,6
9520,5
9521,6
9522,6
9523,6
9524,6
9525,6
9526,6
9527,5
9528,6
9529,6
9530,6
9531,5
9532,6
9533,6
9534,6
9535,6
9536,6
9537,6
9538,5
9539,6
9540,6
9541,6
9542,5
9543,6
9544,6
9545,6
9546,6
9547,6
9548,6
9549,5
9550,6
9551,6
9552,6
9553,5
9554,6
9555,6
9556,6
9557,6
9558,5
9559,6
9560,6
9561,6
9562,6
9563,6
9564,6
9565,6
9566,6
9567,6
9568,5
9569,5
9570,6
9571,6
9572,6
9573,6
9574,6
9575,6
9576,6
9577,6
9578,6
9579,5
9580,6
9581,6
9582,6
9583,6
9584,6
9585,6
9586,6
9587,6
9588,6
9589,6
9590,5
9591,6
9592,6
9593,6
9594,6
9595,6
9596,6
9597,6
9598,6
9599,6
9600,6
9601,5
9602,6
9603,6
9604,6
9605,6
9606,6
9607,6
9608,6
9609,6
9610,6
9611,6
9612,5
9613,6
9614,6
9615,6
9616,6
9617,6
9618,6
9619,6
9620,6
9621,6
9622,6
9623,5
9624,6
9625,6
9626,6
9627,6
9628,6
9629,6
9630,6
9631,6
9632,6
9633,6
9634,5
9635,6
9636,6
9637,6
9638,6
9639,6
9640,6
9641,6
9642,6
9643,6
9644,6
9645,5
9646,6
9647,6
9648,6
9649,6
9650,6
9651,6
9652,6
9653,6
9654,6
9655,6
9656,5
9657,6
9658,6
9659,6
9660,6
9661,6
9662,6
9663,6
9664,6
9665,6
9666,6
9667,5
9668,6
9669,6
9670,6
9671,6
9672,6
9673,6
9674,6
9675,6
9676,6
9677,5
9678,5
9679,6
9680,6
9681,5
9682,6
9683,6
9684,6
9685,6
9686,6
9687,6
9688,5
9689,5
9690,6
9691,6
9692,6
9693,6
9694,6
9695,6
9696,6
9697,6
9698,6
9699,5
9700,6
9701,6
9702,6
9703,6
9704,6
9705,6
9706,6
9707,6
9708,6
9709,6
9710,5
9711,6
9712,6
9713,6
9714,6
9715,6
9716,6
9717,6
9718,6
9719,6
9720,6
9721,5
9722,6
9723,6
9724,6
9725,6
9726,6
9727,6
9728,6
9729,6
9730,6
9731,6
9732,5
9733,6
9734,6
9735,6
9736,6
9737,6
9738,7
9739,6
9740,6
9741,6
9742,6
9743,5
9744,6
9745,6
9746,6
9747,6
9748,6
9749,7
9750,6
9751,6
9752,6
9753,5
9754,5
9755,6
9756,6
9757,6
9758,6
9759,6
9760,6
9761,6
9762,6
9763,6
9764,5
9765,5
9766,6
9767,6
9768,6
9769,6
9770,6
9771,6
9772,6
9773,6
9774,6
9775,5
9776,5
9777,6
9778,6
9779,6
9780,6
9781,6
9782,6
9783,6
9784,6
9785,6
9786,5
9787,6
9788,6
9789,6
9790,6
9791,6
9792,6
9793,6
9794,6
9795,6
9796,6
9797,5
9798,6
9799,7
9800,6
9801,6
9802,6
9803,6
9804,6
9805,6
9806,6
9807,6
9808,5
9809,6
9810,6
9811,6
9812,6
9813,6
9814,6
9815,6
9816,6
9817,6
9818,6
9819,5
9820,6
9821,6
9822,6
9823,6
9824,6
9825,5
9826,6
9827,6
9828,6
9829,6
9830,5
9831,6
9832,6
9833,6
9834,6
9835,6
9836,5
9837,6
9838,6
9839,6
9840,5
9841,6
9842,6
9843,6
9844,6
9845,6
9846,6
9847,5
9848,6
9849,6
9850,6
9851,5
9852,6
9853,6
9854,6
9855,6
9856,6
9857,5
9858,5
9859,6
9860,6
9861,5
9862,5
9863,6
9864,6
9865,6
9866,6
9867,6
9868,5
9869,5
9870,6
9871,6
9872,5
9873,5
9874,6
9875,6
9876,6
9877,6
9878,6
9879,5
9880,5
9881,6
9882,6
9883,5
9884,5
9885,6
9886,6
9887,6
9888,6
9889,6
9890,5
9891,5
9892,6
9893,6
9894,5
9895,5
9896,6
9897,6
9898,6
9899,6
9900,6
9901,5
9902,6
9903,6
9904,6
9905,5
9906,6
9907,6
9908,6
9909,6
9910,6
9911,6
9912,5
9913,6
9914,6
9915,6
9916,5
9917,6
9918,6
9919,6
9920,6
9921,6
9922,6
9923,5
9924,6
9925,6
9926,6
9927,5
9928,6
9929,6
9930,6
9931,6
9932,6
9933,5
9934,5
9935,6
9936,6
9937,6
9938,5
9939,6
9940,6
9941,6
9942,6
9943,6
9944,5
9945,5
9946,6
9947,6
9948,6
9949,5
9950,6
9951,6
9952,6
9953,6
9954,6
9955,5
9956,6
9957,6
9958,6
9959,6
9960,6
9961,6
9962,6
9963,6
9964,6
9965,6
9966,5
9967,6
9968,6
9969,6
9970,6
9971,6
9972,6
9973,6
9974,6
9975,6
9976,6
9977,5
9978,6
9979,6
9980,6
9981,6
9982,6
9983,6
9984,6
9985,6
9986,6
9987,6
9988,5
9989,6
9990,6
9991,6
9992,6
9993,6
9994,6
9995,6
9996,6
9997,6
9998,6
9999,5
